{
	"StateCode": 1,
	"Message": "",
	"Data": {
		"Id": "131698761455710191",
		"Owners": [{
			"Name": "大唐地产",
			"IDType": "统一社会信用代码",
			"PersonNo": "333311113333",
			"MobileNo": "13312341235",
			"CertNo": "",
			"RoleName": "权利人",
			"OwnerType": "企业",
			"Keeper": false
		}],
		"Success": true,
		"ErroMessage": null,
		"BuildingTable": [{
			"ProjectName": null,
			"Location": "南宁市西乡塘区安园东路9号桃花源I组团2号楼",
			"SurveyState": null,
			"BDCUnitNo": null,
			"BdcUnits": [{
				"RoomPart": null,
				"FloorNo": 0,
				"RoomUsage": null,
				"CanSelect": false,
				"CannotSelectReason": null,
				"Owners": null,
				"SalesInfo": null,
				"BDCUnitNo": "450107008002GB00062F00050122",
				"BDCAddress": "南宁市西乡塘区安园东路9号桃花源I组团2号楼4单元102号",
				"BDCArea": "50.07"
			}]
		},
		{
			"ProjectName": null,
			"Location": "南宁市西乡塘区安园东路9号桃花源I组团1号楼",
			"SurveyState": null,
			"BDCUnitNo": null,
			"BdcUnits": [{
				"RoomPart": null,
				"FloorNo": 0,
				"RoomUsage": null,
				"CanSelect": false,
				"CannotSelectReason": null,
				"Owners": null,
				"SalesInfo": null,
				"BDCUnitNo": "450107008002GB00062F00290015",
				"BDCAddress": "南宁市西乡塘区安园东路9号桃花源I组团1号楼2单元一层102号房",
				"BDCArea": "101.53"
			}]
		},
		{
			"ProjectName": null,
			"Location": "南宁市西乡塘区安园东路9号桃花源L组团1号楼",
			"SurveyState": null,
			"BDCUnitNo": null,
			"BdcUnits": [{
				"RoomPart": null,
				"FloorNo": 0,
				"RoomUsage": null,
				"CanSelect": false,
				"CannotSelectReason": null,
				"Owners": null,
				"SalesInfo": null,
				"BDCUnitNo": "450107008002GB00062F00310189",
				"BDCAddress": "南宁市西乡塘区安园东路9号桃花源L组团1号楼4单元1006号",
				"BDCArea": "99.96"
			}]
		},
		{
			"ProjectName": null,
			"Location": "南宁市西乡塘区安园东路9号桃花源L组团1号楼和2号楼",
			"SurveyState": null,
			"BDCUnitNo": null,
			"BdcUnits": [{
				"RoomPart": null,
				"FloorNo": 0,
				"RoomUsage": null,
				"CanSelect": false,
				"CannotSelectReason": null,
				"Owners": null,
				"SalesInfo": null,
				"BDCUnitNo": "450107008002GB00062F00390001",
				"BDCAddress": "南宁市西乡塘区安园东路9号桃花源L组团1号楼和2号楼地下二层B2001号车位",
				"BDCArea": "50.59"
			},
			{
				"RoomPart": null,
				"FloorNo": 0,
				"RoomUsage": null,
				"CanSelect": false,
				"CannotSelectReason": null,
				"Owners": null,
				"SalesInfo": null,
				"BDCUnitNo": "450107008002GB00062F00390002",
				"BDCAddress": "南宁市西乡塘区安园东路9号桃花源L组团1号楼和2号楼地下二层B2002号车位",
				"BDCArea": "50.59"
			},
			{
				"RoomPart": null,
				"FloorNo": 0,
				"RoomUsage": null,
				"CanSelect": false,
				"CannotSelectReason": null,
				"Owners": null,
				"SalesInfo": null,
				"BDCUnitNo": "450107008002GB00062F00390003",
				"BDCAddress": "南宁市西乡塘区安园东路9号桃花源L组团1号楼和2号楼地下二层B2003号车位",
				"BDCArea": "50.59"
			},
			{
				"RoomPart": null,
				"FloorNo": 0,
				"RoomUsage": null,
				"CanSelect": false,
				"CannotSelectReason": null,
				"Owners": null,
				"SalesInfo": null,
				"BDCUnitNo": "450107008002GB00062F00390004",
				"BDCAddress": "南宁市西乡塘区安园东路9号桃花源L组团1号楼和2号楼地下二层B2004号车位",
				"BDCArea": "50.59"
			},
			{
				"RoomPart": null,
				"FloorNo": 0,
				"RoomUsage": null,
				"CanSelect": false,
				"CannotSelectReason": null,
				"Owners": null,
				"SalesInfo": null,
				"BDCUnitNo": "450107008002GB00062F00390005",
				"BDCAddress": "南宁市西乡塘区安园东路9号桃花源L组团1号楼和2号楼地下二层B2005号车位",
				"BDCArea": "50.59"
			},
			{
				"RoomPart": null,
				"FloorNo": 0,
				"RoomUsage": null,
				"CanSelect": false,
				"CannotSelectReason": null,
				"Owners": null,
				"SalesInfo": null,
				"BDCUnitNo": "450107008002GB00062F00390006",
				"BDCAddress": "南宁市西乡塘区安园东路9号桃花源L组团1号楼和2号楼地下二层B2006号车位",
				"BDCArea": "50.59"
			},
			{
				"RoomPart": null,
				"FloorNo": 0,
				"RoomUsage": null,
				"CanSelect": false,
				"CannotSelectReason": null,
				"Owners": null,
				"SalesInfo": null,
				"BDCUnitNo": "450107008002GB00062F00390007",
				"BDCAddress": "南宁市西乡塘区安园东路9号桃花源L组团1号楼和2号楼地下二层B2007号车位",
				"BDCArea": "50.59"
			},
			{
				"RoomPart": null,
				"FloorNo": 0,
				"RoomUsage": null,
				"CanSelect": false,
				"CannotSelectReason": null,
				"Owners": null,
				"SalesInfo": null,
				"BDCUnitNo": "450107008002GB00062F00390008",
				"BDCAddress": "南宁市西乡塘区安园东路9号桃花源L组团1号楼和2号楼地下二层B2008号车位",
				"BDCArea": "50.59"
			},
			{
				"RoomPart": null,
				"FloorNo": 0,
				"RoomUsage": null,
				"CanSelect": false,
				"CannotSelectReason": null,
				"Owners": null,
				"SalesInfo": null,
				"BDCUnitNo": "450107008002GB00062F00390009",
				"BDCAddress": "南宁市西乡塘区安园东路9号桃花源L组团1号楼和2号楼地下二层B2009号车位",
				"BDCArea": "50.59"
			},
			{
				"RoomPart": null,
				"FloorNo": 0,
				"RoomUsage": null,
				"CanSelect": false,
				"CannotSelectReason": null,
				"Owners": null,
				"SalesInfo": null,
				"BDCUnitNo": "450107008002GB00062F00390010",
				"BDCAddress": "南宁市西乡塘区安园东路9号桃花源L组团1号楼和2号楼地下二层B2010号车位",
				"BDCArea": "50.59"
			},
			{
				"RoomPart": null,
				"FloorNo": 0,
				"RoomUsage": null,
				"CanSelect": false,
				"CannotSelectReason": null,
				"Owners": null,
				"SalesInfo": null,
				"BDCUnitNo": "450107008002GB00062F00390011",
				"BDCAddress": "南宁市西乡塘区安园东路9号桃花源L组团1号楼和2号楼地下二层B2011号车位",
				"BDCArea": "50.59"
			},
			{
				"RoomPart": null,
				"FloorNo": 0,
				"RoomUsage": null,
				"CanSelect": false,
				"CannotSelectReason": null,
				"Owners": null,
				"SalesInfo": null,
				"BDCUnitNo": "450107008002GB00062F00390012",
				"BDCAddress": "南宁市西乡塘区安园东路9号桃花源L组团1号楼和2号楼地下二层B2012号车位",
				"BDCArea": "50.59"
			},
			{
				"RoomPart": null,
				"FloorNo": 0,
				"RoomUsage": null,
				"CanSelect": false,
				"CannotSelectReason": null,
				"Owners": null,
				"SalesInfo": null,
				"BDCUnitNo": "450107008002GB00062F00390013",
				"BDCAddress": "南宁市西乡塘区安园东路9号桃花源L组团1号楼和2号楼地下二层B2013号车位",
				"BDCArea": "36.21"
			},
			{
				"RoomPart": null,
				"FloorNo": 0,
				"RoomUsage": null,
				"CanSelect": false,
				"CannotSelectReason": null,
				"Owners": null,
				"SalesInfo": null,
				"BDCUnitNo": "450107008002GB00062F00390014",
				"BDCAddress": "南宁市西乡塘区安园东路9号桃花源L组团1号楼和2号楼地下二层B2014号车位",
				"BDCArea": "50.59"
			},
			{
				"RoomPart": null,
				"FloorNo": 0,
				"RoomUsage": null,
				"CanSelect": false,
				"CannotSelectReason": null,
				"Owners": null,
				"SalesInfo": null,
				"BDCUnitNo": "450107008002GB00062F00390015",
				"BDCAddress": "南宁市西乡塘区安园东路9号桃花源L组团1号楼和2号楼地下二层B2015号车位",
				"BDCArea": "50.59"
			},
			{
				"RoomPart": null,
				"FloorNo": 0,
				"RoomUsage": null,
				"CanSelect": false,
				"CannotSelectReason": null,
				"Owners": null,
				"SalesInfo": null,
				"BDCUnitNo": "450107008002GB00062F00390016",
				"BDCAddress": "南宁市西乡塘区安园东路9号桃花源L组团1号楼和2号楼地下二层B2016号车位",
				"BDCArea": "50.59"
			},
			{
				"RoomPart": null,
				"FloorNo": 0,
				"RoomUsage": null,
				"CanSelect": false,
				"CannotSelectReason": null,
				"Owners": null,
				"SalesInfo": null,
				"BDCUnitNo": "450107008002GB00062F00390017",
				"BDCAddress": "南宁市西乡塘区安园东路9号桃花源L组团1号楼和2号楼地下二层B2017号车位",
				"BDCArea": "50.59"
			},
			{
				"RoomPart": null,
				"FloorNo": 0,
				"RoomUsage": null,
				"CanSelect": false,
				"CannotSelectReason": null,
				"Owners": null,
				"SalesInfo": null,
				"BDCUnitNo": "450107008002GB00062F00390018",
				"BDCAddress": "南宁市西乡塘区安园东路9号桃花源L组团1号楼和2号楼地下二层B2018号车位",
				"BDCArea": "50.59"
			},
			{
				"RoomPart": null,
				"FloorNo": 0,
				"RoomUsage": null,
				"CanSelect": false,
				"CannotSelectReason": null,
				"Owners": null,
				"SalesInfo": null,
				"BDCUnitNo": "450107008002GB00062F00390019",
				"BDCAddress": "南宁市西乡塘区安园东路9号桃花源L组团1号楼和2号楼地下二层B2019号车位",
				"BDCArea": "50.59"
			},
			{
				"RoomPart": null,
				"FloorNo": 0,
				"RoomUsage": null,
				"CanSelect": false,
				"CannotSelectReason": null,
				"Owners": null,
				"SalesInfo": null,
				"BDCUnitNo": "450107008002GB00062F00390020",
				"BDCAddress": "南宁市西乡塘区安园东路9号桃花源L组团1号楼和2号楼地下二层B2020号车位",
				"BDCArea": "50.59"
			},
			{
				"RoomPart": null,
				"FloorNo": 0,
				"RoomUsage": null,
				"CanSelect": false,
				"CannotSelectReason": null,
				"Owners": null,
				"SalesInfo": null,
				"BDCUnitNo": "450107008002GB00062F00390021",
				"BDCAddress": "南宁市西乡塘区安园东路9号桃花源L组团1号楼和2号楼地下二层B2021号车位",
				"BDCArea": "50.59"
			},
			{
				"RoomPart": null,
				"FloorNo": 0,
				"RoomUsage": null,
				"CanSelect": false,
				"CannotSelectReason": null,
				"Owners": null,
				"SalesInfo": null,
				"BDCUnitNo": "450107008002GB00062F00390022",
				"BDCAddress": "南宁市西乡塘区安园东路9号桃花源L组团1号楼和2号楼地下二层B2022号车位",
				"BDCArea": "50.59"
			},
			{
				"RoomPart": null,
				"FloorNo": 0,
				"RoomUsage": null,
				"CanSelect": false,
				"CannotSelectReason": null,
				"Owners": null,
				"SalesInfo": null,
				"BDCUnitNo": "450107008002GB00062F00390023",
				"BDCAddress": "南宁市西乡塘区安园东路9号桃花源L组团1号楼和2号楼地下二层B2023号车位",
				"BDCArea": "50.59"
			},
			{
				"RoomPart": null,
				"FloorNo": 0,
				"RoomUsage": null,
				"CanSelect": false,
				"CannotSelectReason": null,
				"Owners": null,
				"SalesInfo": null,
				"BDCUnitNo": "450107008002GB00062F00390024",
				"BDCAddress": "南宁市西乡塘区安园东路9号桃花源L组团1号楼和2号楼地下二层B2024号车位",
				"BDCArea": "50.59"
			},
			{
				"RoomPart": null,
				"FloorNo": 0,
				"RoomUsage": null,
				"CanSelect": false,
				"CannotSelectReason": null,
				"Owners": null,
				"SalesInfo": null,
				"BDCUnitNo": "450107008002GB00062F00390025",
				"BDCAddress": "南宁市西乡塘区安园东路9号桃花源L组团1号楼和2号楼地下二层B2025号车位",
				"BDCArea": "50.59"
			},
			{
				"RoomPart": null,
				"FloorNo": 0,
				"RoomUsage": null,
				"CanSelect": false,
				"CannotSelectReason": null,
				"Owners": null,
				"SalesInfo": null,
				"BDCUnitNo": "450107008002GB00062F00390026",
				"BDCAddress": "南宁市西乡塘区安园东路9号桃花源L组团1号楼和2号楼地下二层B2026号车位",
				"BDCArea": "50.59"
			},
			{
				"RoomPart": null,
				"FloorNo": 0,
				"RoomUsage": null,
				"CanSelect": false,
				"CannotSelectReason": null,
				"Owners": null,
				"SalesInfo": null,
				"BDCUnitNo": "450107008002GB00062F00390027",
				"BDCAddress": "南宁市西乡塘区安园东路9号桃花源L组团1号楼和2号楼地下二层B2027号车位",
				"BDCArea": "50.59"
			},
			{
				"RoomPart": null,
				"FloorNo": 0,
				"RoomUsage": null,
				"CanSelect": false,
				"CannotSelectReason": null,
				"Owners": null,
				"SalesInfo": null,
				"BDCUnitNo": "450107008002GB00062F00390028",
				"BDCAddress": "南宁市西乡塘区安园东路9号桃花源L组团1号楼和2号楼地下二层B2028号车位",
				"BDCArea": "50.59"
			},
			{
				"RoomPart": null,
				"FloorNo": 0,
				"RoomUsage": null,
				"CanSelect": false,
				"CannotSelectReason": null,
				"Owners": null,
				"SalesInfo": null,
				"BDCUnitNo": "450107008002GB00062F00390029",
				"BDCAddress": "南宁市西乡塘区安园东路9号桃花源L组团1号楼和2号楼地下二层B2029号车位",
				"BDCArea": "50.59"
			},
			{
				"RoomPart": null,
				"FloorNo": 0,
				"RoomUsage": null,
				"CanSelect": false,
				"CannotSelectReason": null,
				"Owners": null,
				"SalesInfo": null,
				"BDCUnitNo": "450107008002GB00062F00390030",
				"BDCAddress": "南宁市西乡塘区安园东路9号桃花源L组团1号楼和2号楼地下二层B2030号车位",
				"BDCArea": "50.59"
			},
			{
				"RoomPart": null,
				"FloorNo": 0,
				"RoomUsage": null,
				"CanSelect": false,
				"CannotSelectReason": null,
				"Owners": null,
				"SalesInfo": null,
				"BDCUnitNo": "450107008002GB00062F00390031",
				"BDCAddress": "南宁市西乡塘区安园东路9号桃花源L组团1号楼和2号楼地下二层B2031号车位",
				"BDCArea": "50.59"
			},
			{
				"RoomPart": null,
				"FloorNo": 0,
				"RoomUsage": null,
				"CanSelect": false,
				"CannotSelectReason": null,
				"Owners": null,
				"SalesInfo": null,
				"BDCUnitNo": "450107008002GB00062F00390032",
				"BDCAddress": "南宁市西乡塘区安园东路9号桃花源L组团1号楼和2号楼地下二层B2032号车位",
				"BDCArea": "50.59"
			},
			{
				"RoomPart": null,
				"FloorNo": 0,
				"RoomUsage": null,
				"CanSelect": false,
				"CannotSelectReason": null,
				"Owners": null,
				"SalesInfo": null,
				"BDCUnitNo": "450107008002GB00062F00390033",
				"BDCAddress": "南宁市西乡塘区安园东路9号桃花源L组团1号楼和2号楼地下二层B2033号车位",
				"BDCArea": "50.59"
			},
			{
				"RoomPart": null,
				"FloorNo": 0,
				"RoomUsage": null,
				"CanSelect": false,
				"CannotSelectReason": null,
				"Owners": null,
				"SalesInfo": null,
				"BDCUnitNo": "450107008002GB00062F00390034",
				"BDCAddress": "南宁市西乡塘区安园东路9号桃花源L组团1号楼和2号楼地下二层B2034号车位",
				"BDCArea": "50.59"
			},
			{
				"RoomPart": null,
				"FloorNo": 0,
				"RoomUsage": null,
				"CanSelect": false,
				"CannotSelectReason": null,
				"Owners": null,
				"SalesInfo": null,
				"BDCUnitNo": "450107008002GB00062F00390035",
				"BDCAddress": "南宁市西乡塘区安园东路9号桃花源L组团1号楼和2号楼地下二层B2035号车位",
				"BDCArea": "50.59"
			},
			{
				"RoomPart": null,
				"FloorNo": 0,
				"RoomUsage": null,
				"CanSelect": false,
				"CannotSelectReason": null,
				"Owners": null,
				"SalesInfo": null,
				"BDCUnitNo": "450107008002GB00062F00390036",
				"BDCAddress": "南宁市西乡塘区安园东路9号桃花源L组团1号楼和2号楼地下二层B2036号车位",
				"BDCArea": "50.59"
			},
			{
				"RoomPart": null,
				"FloorNo": 0,
				"RoomUsage": null,
				"CanSelect": false,
				"CannotSelectReason": null,
				"Owners": null,
				"SalesInfo": null,
				"BDCUnitNo": "450107008002GB00062F00390037",
				"BDCAddress": "南宁市西乡塘区安园东路9号桃花源L组团1号楼和2号楼地下二层B2037号车位",
				"BDCArea": "50.59"
			},
			{
				"RoomPart": null,
				"FloorNo": 0,
				"RoomUsage": null,
				"CanSelect": false,
				"CannotSelectReason": null,
				"Owners": null,
				"SalesInfo": null,
				"BDCUnitNo": "450107008002GB00062F00390038",
				"BDCAddress": "南宁市西乡塘区安园东路9号桃花源L组团1号楼和2号楼地下二层B2038号车位",
				"BDCArea": "50.59"
			},
			{
				"RoomPart": null,
				"FloorNo": 0,
				"RoomUsage": null,
				"CanSelect": false,
				"CannotSelectReason": null,
				"Owners": null,
				"SalesInfo": null,
				"BDCUnitNo": "450107008002GB00062F00390039",
				"BDCAddress": "南宁市西乡塘区安园东路9号桃花源L组团1号楼和2号楼地下二层B2039号车位",
				"BDCArea": "46.55"
			},
			{
				"RoomPart": null,
				"FloorNo": 0,
				"RoomUsage": null,
				"CanSelect": false,
				"CannotSelectReason": null,
				"Owners": null,
				"SalesInfo": null,
				"BDCUnitNo": "450107008002GB00062F00390040",
				"BDCAddress": "南宁市西乡塘区安园东路9号桃花源L组团1号楼和2号楼地下二层B2040号车位",
				"BDCArea": "46.55"
			},
			{
				"RoomPart": null,
				"FloorNo": 0,
				"RoomUsage": null,
				"CanSelect": false,
				"CannotSelectReason": null,
				"Owners": null,
				"SalesInfo": null,
				"BDCUnitNo": "450107008002GB00062F00390041",
				"BDCAddress": "南宁市西乡塘区安园东路9号桃花源L组团1号楼和2号楼地下二层B2041号车位",
				"BDCArea": "50.59"
			},
			{
				"RoomPart": null,
				"FloorNo": 0,
				"RoomUsage": null,
				"CanSelect": false,
				"CannotSelectReason": null,
				"Owners": null,
				"SalesInfo": null,
				"BDCUnitNo": "450107008002GB00062F00390042",
				"BDCAddress": "南宁市西乡塘区安园东路9号桃花源L组团1号楼和2号楼地下二层B2042号车位",
				"BDCArea": "50.59"
			},
			{
				"RoomPart": null,
				"FloorNo": 0,
				"RoomUsage": null,
				"CanSelect": false,
				"CannotSelectReason": null,
				"Owners": null,
				"SalesInfo": null,
				"BDCUnitNo": "450107008002GB00062F00390043",
				"BDCAddress": "南宁市西乡塘区安园东路9号桃花源L组团1号楼和2号楼地下二层B2043号车位",
				"BDCArea": "50.59"
			},
			{
				"RoomPart": null,
				"FloorNo": 0,
				"RoomUsage": null,
				"CanSelect": false,
				"CannotSelectReason": null,
				"Owners": null,
				"SalesInfo": null,
				"BDCUnitNo": "450107008002GB00062F00390044",
				"BDCAddress": "南宁市西乡塘区安园东路9号桃花源L组团1号楼和2号楼地下二层B2044号车位",
				"BDCArea": "50.59"
			},
			{
				"RoomPart": null,
				"FloorNo": 0,
				"RoomUsage": null,
				"CanSelect": false,
				"CannotSelectReason": null,
				"Owners": null,
				"SalesInfo": null,
				"BDCUnitNo": "450107008002GB00062F00390045",
				"BDCAddress": "南宁市西乡塘区安园东路9号桃花源L组团1号楼和2号楼地下二层B2045号车位",
				"BDCArea": "50.59"
			},
			{
				"RoomPart": null,
				"FloorNo": 0,
				"RoomUsage": null,
				"CanSelect": false,
				"CannotSelectReason": null,
				"Owners": null,
				"SalesInfo": null,
				"BDCUnitNo": "450107008002GB00062F00390046",
				"BDCAddress": "南宁市西乡塘区安园东路9号桃花源L组团1号楼和2号楼地下二层B2046号车位",
				"BDCArea": "50.59"
			},
			{
				"RoomPart": null,
				"FloorNo": 0,
				"RoomUsage": null,
				"CanSelect": false,
				"CannotSelectReason": null,
				"Owners": null,
				"SalesInfo": null,
				"BDCUnitNo": "450107008002GB00062F00390047",
				"BDCAddress": "南宁市西乡塘区安园东路9号桃花源L组团1号楼和2号楼地下二层B2047号车位",
				"BDCArea": "50.59"
			},
			{
				"RoomPart": null,
				"FloorNo": 0,
				"RoomUsage": null,
				"CanSelect": false,
				"CannotSelectReason": null,
				"Owners": null,
				"SalesInfo": null,
				"BDCUnitNo": "450107008002GB00062F00390048",
				"BDCAddress": "南宁市西乡塘区安园东路9号桃花源L组团1号楼和2号楼地下二层B2048号车位",
				"BDCArea": "50.59"
			},
			{
				"RoomPart": null,
				"FloorNo": 0,
				"RoomUsage": null,
				"CanSelect": false,
				"CannotSelectReason": null,
				"Owners": null,
				"SalesInfo": null,
				"BDCUnitNo": "450107008002GB00062F00390049",
				"BDCAddress": "南宁市西乡塘区安园东路9号桃花源L组团1号楼和2号楼地下二层B2049号车位",
				"BDCArea": "50.59"
			},
			{
				"RoomPart": null,
				"FloorNo": 0,
				"RoomUsage": null,
				"CanSelect": false,
				"CannotSelectReason": null,
				"Owners": null,
				"SalesInfo": null,
				"BDCUnitNo": "450107008002GB00062F00390050",
				"BDCAddress": "南宁市西乡塘区安园东路9号桃花源L组团1号楼和2号楼地下二层B2050号车位",
				"BDCArea": "50.59"
			},
			{
				"RoomPart": null,
				"FloorNo": 0,
				"RoomUsage": null,
				"CanSelect": false,
				"CannotSelectReason": null,
				"Owners": null,
				"SalesInfo": null,
				"BDCUnitNo": "450107008002GB00062F00390051",
				"BDCAddress": "南宁市西乡塘区安园东路9号桃花源L组团1号楼和2号楼地下二层B2051号车位",
				"BDCArea": "50.59"
			},
			{
				"RoomPart": null,
				"FloorNo": 0,
				"RoomUsage": null,
				"CanSelect": false,
				"CannotSelectReason": null,
				"Owners": null,
				"SalesInfo": null,
				"BDCUnitNo": "450107008002GB00062F00390052",
				"BDCAddress": "南宁市西乡塘区安园东路9号桃花源L组团1号楼和2号楼地下二层B2052号车位",
				"BDCArea": "50.59"
			},
			{
				"RoomPart": null,
				"FloorNo": 0,
				"RoomUsage": null,
				"CanSelect": false,
				"CannotSelectReason": null,
				"Owners": null,
				"SalesInfo": null,
				"BDCUnitNo": "450107008002GB00062F00390053",
				"BDCAddress": "南宁市西乡塘区安园东路9号桃花源L组团1号楼和2号楼地下二层B2053号车位",
				"BDCArea": "50.59"
			},
			{
				"RoomPart": null,
				"FloorNo": 0,
				"RoomUsage": null,
				"CanSelect": false,
				"CannotSelectReason": null,
				"Owners": null,
				"SalesInfo": null,
				"BDCUnitNo": "450107008002GB00062F00390054",
				"BDCAddress": "南宁市西乡塘区安园东路9号桃花源L组团1号楼和2号楼地下二层B2054号车位",
				"BDCArea": "50.59"
			},
			{
				"RoomPart": null,
				"FloorNo": 0,
				"RoomUsage": null,
				"CanSelect": false,
				"CannotSelectReason": null,
				"Owners": null,
				"SalesInfo": null,
				"BDCUnitNo": "450107008002GB00062F00390055",
				"BDCAddress": "南宁市西乡塘区安园东路9号桃花源L组团1号楼和2号楼地下二层B2055号车位",
				"BDCArea": "50.59"
			},
			{
				"RoomPart": null,
				"FloorNo": 0,
				"RoomUsage": null,
				"CanSelect": false,
				"CannotSelectReason": null,
				"Owners": null,
				"SalesInfo": null,
				"BDCUnitNo": "450107008002GB00062F00390056",
				"BDCAddress": "南宁市西乡塘区安园东路9号桃花源L组团1号楼和2号楼地下二层B2056号车位",
				"BDCArea": "50.59"
			},
			{
				"RoomPart": null,
				"FloorNo": 0,
				"RoomUsage": null,
				"CanSelect": false,
				"CannotSelectReason": null,
				"Owners": null,
				"SalesInfo": null,
				"BDCUnitNo": "450107008002GB00062F00390057",
				"BDCAddress": "南宁市西乡塘区安园东路9号桃花源L组团1号楼和2号楼地下二层B2057号车位",
				"BDCArea": "50.59"
			},
			{
				"RoomPart": null,
				"FloorNo": 0,
				"RoomUsage": null,
				"CanSelect": false,
				"CannotSelectReason": null,
				"Owners": null,
				"SalesInfo": null,
				"BDCUnitNo": "450107008002GB00062F00390058",
				"BDCAddress": "南宁市西乡塘区安园东路9号桃花源L组团1号楼和2号楼地下二层B2058号车位",
				"BDCArea": "50.59"
			},
			{
				"RoomPart": null,
				"FloorNo": 0,
				"RoomUsage": null,
				"CanSelect": false,
				"CannotSelectReason": null,
				"Owners": null,
				"SalesInfo": null,
				"BDCUnitNo": "450107008002GB00062F00390059",
				"BDCAddress": "南宁市西乡塘区安园东路9号桃花源L组团1号楼和2号楼地下二层B2059号车位",
				"BDCArea": "50.59"
			},
			{
				"RoomPart": null,
				"FloorNo": 0,
				"RoomUsage": null,
				"CanSelect": false,
				"CannotSelectReason": null,
				"Owners": null,
				"SalesInfo": null,
				"BDCUnitNo": "450107008002GB00062F00390060",
				"BDCAddress": "南宁市西乡塘区安园东路9号桃花源L组团1号楼和2号楼地下二层B2060号车位",
				"BDCArea": "50.59"
			},
			{
				"RoomPart": null,
				"FloorNo": 0,
				"RoomUsage": null,
				"CanSelect": false,
				"CannotSelectReason": null,
				"Owners": null,
				"SalesInfo": null,
				"BDCUnitNo": "450107008002GB00062F00390061",
				"BDCAddress": "南宁市西乡塘区安园东路9号桃花源L组团1号楼和2号楼地下二层B2061号车位",
				"BDCArea": "50.59"
			},
			{
				"RoomPart": null,
				"FloorNo": 0,
				"RoomUsage": null,
				"CanSelect": false,
				"CannotSelectReason": null,
				"Owners": null,
				"SalesInfo": null,
				"BDCUnitNo": "450107008002GB00062F00390062",
				"BDCAddress": "南宁市西乡塘区安园东路9号桃花源L组团1号楼和2号楼地下二层B2062号车位",
				"BDCArea": "50.59"
			},
			{
				"RoomPart": null,
				"FloorNo": 0,
				"RoomUsage": null,
				"CanSelect": false,
				"CannotSelectReason": null,
				"Owners": null,
				"SalesInfo": null,
				"BDCUnitNo": "450107008002GB00062F00390063",
				"BDCAddress": "南宁市西乡塘区安园东路9号桃花源L组团1号楼和2号楼地下二层B2063号车位",
				"BDCArea": "50.59"
			},
			{
				"RoomPart": null,
				"FloorNo": 0,
				"RoomUsage": null,
				"CanSelect": false,
				"CannotSelectReason": null,
				"Owners": null,
				"SalesInfo": null,
				"BDCUnitNo": "450107008002GB00062F00390064",
				"BDCAddress": "南宁市西乡塘区安园东路9号桃花源L组团1号楼和2号楼地下二层B2064号车位",
				"BDCArea": "50.59"
			},
			{
				"RoomPart": null,
				"FloorNo": 0,
				"RoomUsage": null,
				"CanSelect": false,
				"CannotSelectReason": null,
				"Owners": null,
				"SalesInfo": null,
				"BDCUnitNo": "450107008002GB00062F00390065",
				"BDCAddress": "南宁市西乡塘区安园东路9号桃花源L组团1号楼和2号楼地下二层B2065号车位",
				"BDCArea": "50.59"
			},
			{
				"RoomPart": null,
				"FloorNo": 0,
				"RoomUsage": null,
				"CanSelect": false,
				"CannotSelectReason": null,
				"Owners": null,
				"SalesInfo": null,
				"BDCUnitNo": "450107008002GB00062F00390066",
				"BDCAddress": "南宁市西乡塘区安园东路9号桃花源L组团1号楼和2号楼地下二层B2066号车位",
				"BDCArea": "50.59"
			},
			{
				"RoomPart": null,
				"FloorNo": 0,
				"RoomUsage": null,
				"CanSelect": false,
				"CannotSelectReason": null,
				"Owners": null,
				"SalesInfo": null,
				"BDCUnitNo": "450107008002GB00062F00390067",
				"BDCAddress": "南宁市西乡塘区安园东路9号桃花源L组团1号楼和2号楼地下二层B2067号车位",
				"BDCArea": "50.59"
			},
			{
				"RoomPart": null,
				"FloorNo": 0,
				"RoomUsage": null,
				"CanSelect": false,
				"CannotSelectReason": null,
				"Owners": null,
				"SalesInfo": null,
				"BDCUnitNo": "450107008002GB00062F00390068",
				"BDCAddress": "南宁市西乡塘区安园东路9号桃花源L组团1号楼和2号楼地下二层B2068号车位",
				"BDCArea": "46.55"
			},
			{
				"RoomPart": null,
				"FloorNo": 0,
				"RoomUsage": null,
				"CanSelect": false,
				"CannotSelectReason": null,
				"Owners": null,
				"SalesInfo": null,
				"BDCUnitNo": "450107008002GB00062F00390069",
				"BDCAddress": "南宁市西乡塘区安园东路9号桃花源L组团1号楼和2号楼地下二层B2069号车位",
				"BDCArea": "46.55"
			},
			{
				"RoomPart": null,
				"FloorNo": 0,
				"RoomUsage": null,
				"CanSelect": false,
				"CannotSelectReason": null,
				"Owners": null,
				"SalesInfo": null,
				"BDCUnitNo": "450107008002GB00062F00390070",
				"BDCAddress": "南宁市西乡塘区安园东路9号桃花源L组团1号楼和2号楼地下二层B2070号车位",
				"BDCArea": "50.59"
			},
			{
				"RoomPart": null,
				"FloorNo": 0,
				"RoomUsage": null,
				"CanSelect": false,
				"CannotSelectReason": null,
				"Owners": null,
				"SalesInfo": null,
				"BDCUnitNo": "450107008002GB00062F00390071",
				"BDCAddress": "南宁市西乡塘区安园东路9号桃花源L组团1号楼和2号楼地下二层B2071号车位",
				"BDCArea": "50.59"
			},
			{
				"RoomPart": null,
				"FloorNo": 0,
				"RoomUsage": null,
				"CanSelect": false,
				"CannotSelectReason": null,
				"Owners": null,
				"SalesInfo": null,
				"BDCUnitNo": "450107008002GB00062F00390072",
				"BDCAddress": "南宁市西乡塘区安园东路9号桃花源L组团1号楼和2号楼地下二层B2072号车位",
				"BDCArea": "50.59"
			},
			{
				"RoomPart": null,
				"FloorNo": 0,
				"RoomUsage": null,
				"CanSelect": false,
				"CannotSelectReason": null,
				"Owners": null,
				"SalesInfo": null,
				"BDCUnitNo": "450107008002GB00062F00390073",
				"BDCAddress": "南宁市西乡塘区安园东路9号桃花源L组团1号楼和2号楼地下二层B2073号车位",
				"BDCArea": "50.59"
			},
			{
				"RoomPart": null,
				"FloorNo": 0,
				"RoomUsage": null,
				"CanSelect": false,
				"CannotSelectReason": null,
				"Owners": null,
				"SalesInfo": null,
				"BDCUnitNo": "450107008002GB00062F00390074",
				"BDCAddress": "南宁市西乡塘区安园东路9号桃花源L组团1号楼和2号楼地下二层B2074号车位",
				"BDCArea": "50.59"
			},
			{
				"RoomPart": null,
				"FloorNo": 0,
				"RoomUsage": null,
				"CanSelect": false,
				"CannotSelectReason": null,
				"Owners": null,
				"SalesInfo": null,
				"BDCUnitNo": "450107008002GB00062F00390075",
				"BDCAddress": "南宁市西乡塘区安园东路9号桃花源L组团1号楼和2号楼地下二层B2075号车位",
				"BDCArea": "50.59"
			},
			{
				"RoomPart": null,
				"FloorNo": 0,
				"RoomUsage": null,
				"CanSelect": false,
				"CannotSelectReason": null,
				"Owners": null,
				"SalesInfo": null,
				"BDCUnitNo": "450107008002GB00062F00390076",
				"BDCAddress": "南宁市西乡塘区安园东路9号桃花源L组团1号楼和2号楼地下二层B2076号车位",
				"BDCArea": "50.59"
			},
			{
				"RoomPart": null,
				"FloorNo": 0,
				"RoomUsage": null,
				"CanSelect": false,
				"CannotSelectReason": null,
				"Owners": null,
				"SalesInfo": null,
				"BDCUnitNo": "450107008002GB00062F00390077",
				"BDCAddress": "南宁市西乡塘区安园东路9号桃花源L组团1号楼和2号楼地下二层B2077号车位",
				"BDCArea": "50.59"
			},
			{
				"RoomPart": null,
				"FloorNo": 0,
				"RoomUsage": null,
				"CanSelect": false,
				"CannotSelectReason": null,
				"Owners": null,
				"SalesInfo": null,
				"BDCUnitNo": "450107008002GB00062F00390078",
				"BDCAddress": "南宁市西乡塘区安园东路9号桃花源L组团1号楼和2号楼地下二层B2078号车位",
				"BDCArea": "50.59"
			},
			{
				"RoomPart": null,
				"FloorNo": 0,
				"RoomUsage": null,
				"CanSelect": false,
				"CannotSelectReason": null,
				"Owners": null,
				"SalesInfo": null,
				"BDCUnitNo": "450107008002GB00062F00390079",
				"BDCAddress": "南宁市西乡塘区安园东路9号桃花源L组团1号楼和2号楼地下二层B2079号车位",
				"BDCArea": "50.59"
			},
			{
				"RoomPart": null,
				"FloorNo": 0,
				"RoomUsage": null,
				"CanSelect": false,
				"CannotSelectReason": null,
				"Owners": null,
				"SalesInfo": null,
				"BDCUnitNo": "450107008002GB00062F00390080",
				"BDCAddress": "南宁市西乡塘区安园东路9号桃花源L组团1号楼和2号楼地下二层B2080号车位",
				"BDCArea": "50.59"
			},
			{
				"RoomPart": null,
				"FloorNo": 0,
				"RoomUsage": null,
				"CanSelect": false,
				"CannotSelectReason": null,
				"Owners": null,
				"SalesInfo": null,
				"BDCUnitNo": "450107008002GB00062F00390081",
				"BDCAddress": "南宁市西乡塘区安园东路9号桃花源L组团1号楼和2号楼地下二层B2081号车位",
				"BDCArea": "50.59"
			},
			{
				"RoomPart": null,
				"FloorNo": 0,
				"RoomUsage": null,
				"CanSelect": false,
				"CannotSelectReason": null,
				"Owners": null,
				"SalesInfo": null,
				"BDCUnitNo": "450107008002GB00062F00390082",
				"BDCAddress": "南宁市西乡塘区安园东路9号桃花源L组团1号楼和2号楼地下二层B2082号车位",
				"BDCArea": "50.59"
			},
			{
				"RoomPart": null,
				"FloorNo": 0,
				"RoomUsage": null,
				"CanSelect": false,
				"CannotSelectReason": null,
				"Owners": null,
				"SalesInfo": null,
				"BDCUnitNo": "450107008002GB00062F00390083",
				"BDCAddress": "南宁市西乡塘区安园东路9号桃花源L组团1号楼和2号楼地下二层B2083号车位",
				"BDCArea": "50.59"
			},
			{
				"RoomPart": null,
				"FloorNo": 0,
				"RoomUsage": null,
				"CanSelect": false,
				"CannotSelectReason": null,
				"Owners": null,
				"SalesInfo": null,
				"BDCUnitNo": "450107008002GB00062F00390084",
				"BDCAddress": "南宁市西乡塘区安园东路9号桃花源L组团1号楼和2号楼地下二层B2084号车位",
				"BDCArea": "50.59"
			},
			{
				"RoomPart": null,
				"FloorNo": 0,
				"RoomUsage": null,
				"CanSelect": false,
				"CannotSelectReason": null,
				"Owners": null,
				"SalesInfo": null,
				"BDCUnitNo": "450107008002GB00062F00390085",
				"BDCAddress": "南宁市西乡塘区安园东路9号桃花源L组团1号楼和2号楼地下二层B2085号车位",
				"BDCArea": "50.59"
			},
			{
				"RoomPart": null,
				"FloorNo": 0,
				"RoomUsage": null,
				"CanSelect": false,
				"CannotSelectReason": null,
				"Owners": null,
				"SalesInfo": null,
				"BDCUnitNo": "450107008002GB00062F00390086",
				"BDCAddress": "南宁市西乡塘区安园东路9号桃花源L组团1号楼和2号楼地下二层B2086号车位",
				"BDCArea": "50.59"
			},
			{
				"RoomPart": null,
				"FloorNo": 0,
				"RoomUsage": null,
				"CanSelect": false,
				"CannotSelectReason": null,
				"Owners": null,
				"SalesInfo": null,
				"BDCUnitNo": "450107008002GB00062F00390087",
				"BDCAddress": "南宁市西乡塘区安园东路9号桃花源L组团1号楼和2号楼地下二层B2087号车位",
				"BDCArea": "50.59"
			},
			{
				"RoomPart": null,
				"FloorNo": 0,
				"RoomUsage": null,
				"CanSelect": false,
				"CannotSelectReason": null,
				"Owners": null,
				"SalesInfo": null,
				"BDCUnitNo": "450107008002GB00062F00390088",
				"BDCAddress": "南宁市西乡塘区安园东路9号桃花源L组团1号楼和2号楼地下二层B2088号车位",
				"BDCArea": "50.59"
			},
			{
				"RoomPart": null,
				"FloorNo": 0,
				"RoomUsage": null,
				"CanSelect": false,
				"CannotSelectReason": null,
				"Owners": null,
				"SalesInfo": null,
				"BDCUnitNo": "450107008002GB00062F00390089",
				"BDCAddress": "南宁市西乡塘区安园东路9号桃花源L组团1号楼和2号楼地下二层B2089号车位",
				"BDCArea": "50.59"
			},
			{
				"RoomPart": null,
				"FloorNo": 0,
				"RoomUsage": null,
				"CanSelect": false,
				"CannotSelectReason": null,
				"Owners": null,
				"SalesInfo": null,
				"BDCUnitNo": "450107008002GB00062F00390090",
				"BDCAddress": "南宁市西乡塘区安园东路9号桃花源L组团1号楼和2号楼地下二层B2090号车位",
				"BDCArea": "50.59"
			},
			{
				"RoomPart": null,
				"FloorNo": 0,
				"RoomUsage": null,
				"CanSelect": false,
				"CannotSelectReason": null,
				"Owners": null,
				"SalesInfo": null,
				"BDCUnitNo": "450107008002GB00062F00390091",
				"BDCAddress": "南宁市西乡塘区安园东路9号桃花源L组团1号楼和2号楼地下二层B2091号车位",
				"BDCArea": "50.59"
			},
			{
				"RoomPart": null,
				"FloorNo": 0,
				"RoomUsage": null,
				"CanSelect": false,
				"CannotSelectReason": null,
				"Owners": null,
				"SalesInfo": null,
				"BDCUnitNo": "450107008002GB00062F00390092",
				"BDCAddress": "南宁市西乡塘区安园东路9号桃花源L组团1号楼和2号楼地下二层B2092号车位",
				"BDCArea": "50.59"
			},
			{
				"RoomPart": null,
				"FloorNo": 0,
				"RoomUsage": null,
				"CanSelect": false,
				"CannotSelectReason": null,
				"Owners": null,
				"SalesInfo": null,
				"BDCUnitNo": "450107008002GB00062F00390093",
				"BDCAddress": "南宁市西乡塘区安园东路9号桃花源L组团1号楼和2号楼地下二层B2093号车位",
				"BDCArea": "50.59"
			},
			{
				"RoomPart": null,
				"FloorNo": 0,
				"RoomUsage": null,
				"CanSelect": false,
				"CannotSelectReason": null,
				"Owners": null,
				"SalesInfo": null,
				"BDCUnitNo": "450107008002GB00062F00390094",
				"BDCAddress": "南宁市西乡塘区安园东路9号桃花源L组团1号楼和2号楼地下二层B2094号车位",
				"BDCArea": "50.59"
			},
			{
				"RoomPart": null,
				"FloorNo": 0,
				"RoomUsage": null,
				"CanSelect": false,
				"CannotSelectReason": null,
				"Owners": null,
				"SalesInfo": null,
				"BDCUnitNo": "450107008002GB00062F00390095",
				"BDCAddress": "南宁市西乡塘区安园东路9号桃花源L组团1号楼和2号楼地下二层B2095号车位",
				"BDCArea": "50.59"
			},
			{
				"RoomPart": null,
				"FloorNo": 0,
				"RoomUsage": null,
				"CanSelect": false,
				"CannotSelectReason": null,
				"Owners": null,
				"SalesInfo": null,
				"BDCUnitNo": "450107008002GB00062F00390096",
				"BDCAddress": "南宁市西乡塘区安园东路9号桃花源L组团1号楼和2号楼地下二层B2096号车位",
				"BDCArea": "50.59"
			},
			{
				"RoomPart": null,
				"FloorNo": 0,
				"RoomUsage": null,
				"CanSelect": false,
				"CannotSelectReason": null,
				"Owners": null,
				"SalesInfo": null,
				"BDCUnitNo": "450107008002GB00062F00390097",
				"BDCAddress": "南宁市西乡塘区安园东路9号桃花源L组团1号楼和2号楼地下二层B2097号车位",
				"BDCArea": "46.55"
			},
			{
				"RoomPart": null,
				"FloorNo": 0,
				"RoomUsage": null,
				"CanSelect": false,
				"CannotSelectReason": null,
				"Owners": null,
				"SalesInfo": null,
				"BDCUnitNo": "450107008002GB00062F00390098",
				"BDCAddress": "南宁市西乡塘区安园东路9号桃花源L组团1号楼和2号楼地下二层B2098号车位",
				"BDCArea": "46.55"
			},
			{
				"RoomPart": null,
				"FloorNo": 0,
				"RoomUsage": null,
				"CanSelect": false,
				"CannotSelectReason": null,
				"Owners": null,
				"SalesInfo": null,
				"BDCUnitNo": "450107008002GB00062F00390099",
				"BDCAddress": "南宁市西乡塘区安园东路9号桃花源L组团1号楼和2号楼地下二层B2099号车位",
				"BDCArea": "50.59"
			},
			{
				"RoomPart": null,
				"FloorNo": 0,
				"RoomUsage": null,
				"CanSelect": false,
				"CannotSelectReason": null,
				"Owners": null,
				"SalesInfo": null,
				"BDCUnitNo": "450107008002GB00062F00390100",
				"BDCAddress": "南宁市西乡塘区安园东路9号桃花源L组团1号楼和2号楼地下二层B2100号车位",
				"BDCArea": "50.59"
			},
			{
				"RoomPart": null,
				"FloorNo": 0,
				"RoomUsage": null,
				"CanSelect": false,
				"CannotSelectReason": null,
				"Owners": null,
				"SalesInfo": null,
				"BDCUnitNo": "450107008002GB00062F00390101",
				"BDCAddress": "南宁市西乡塘区安园东路9号桃花源L组团1号楼和2号楼地下二层B2101号车位",
				"BDCArea": "50.59"
			},
			{
				"RoomPart": null,
				"FloorNo": 0,
				"RoomUsage": null,
				"CanSelect": false,
				"CannotSelectReason": null,
				"Owners": null,
				"SalesInfo": null,
				"BDCUnitNo": "450107008002GB00062F00390102",
				"BDCAddress": "南宁市西乡塘区安园东路9号桃花源L组团1号楼和2号楼地下二层B2102号车位",
				"BDCArea": "50.59"
			},
			{
				"RoomPart": null,
				"FloorNo": 0,
				"RoomUsage": null,
				"CanSelect": false,
				"CannotSelectReason": null,
				"Owners": null,
				"SalesInfo": null,
				"BDCUnitNo": "450107008002GB00062F00390103",
				"BDCAddress": "南宁市西乡塘区安园东路9号桃花源L组团1号楼和2号楼地下二层B2103号车位",
				"BDCArea": "50.59"
			},
			{
				"RoomPart": null,
				"FloorNo": 0,
				"RoomUsage": null,
				"CanSelect": false,
				"CannotSelectReason": null,
				"Owners": null,
				"SalesInfo": null,
				"BDCUnitNo": "450107008002GB00062F00390104",
				"BDCAddress": "南宁市西乡塘区安园东路9号桃花源L组团1号楼和2号楼地下二层B2104号车位",
				"BDCArea": "50.59"
			},
			{
				"RoomPart": null,
				"FloorNo": 0,
				"RoomUsage": null,
				"CanSelect": false,
				"CannotSelectReason": null,
				"Owners": null,
				"SalesInfo": null,
				"BDCUnitNo": "450107008002GB00062F00390105",
				"BDCAddress": "南宁市西乡塘区安园东路9号桃花源L组团1号楼和2号楼地下二层B2105号车位",
				"BDCArea": "50.59"
			},
			{
				"RoomPart": null,
				"FloorNo": 0,
				"RoomUsage": null,
				"CanSelect": false,
				"CannotSelectReason": null,
				"Owners": null,
				"SalesInfo": null,
				"BDCUnitNo": "450107008002GB00062F00390106",
				"BDCAddress": "南宁市西乡塘区安园东路9号桃花源L组团1号楼和2号楼地下二层B2106号车位",
				"BDCArea": "50.59"
			},
			{
				"RoomPart": null,
				"FloorNo": 0,
				"RoomUsage": null,
				"CanSelect": false,
				"CannotSelectReason": null,
				"Owners": null,
				"SalesInfo": null,
				"BDCUnitNo": "450107008002GB00062F00390107",
				"BDCAddress": "南宁市西乡塘区安园东路9号桃花源L组团1号楼和2号楼地下二层B2107号车位",
				"BDCArea": "50.59"
			},
			{
				"RoomPart": null,
				"FloorNo": 0,
				"RoomUsage": null,
				"CanSelect": false,
				"CannotSelectReason": null,
				"Owners": null,
				"SalesInfo": null,
				"BDCUnitNo": "450107008002GB00062F00390108",
				"BDCAddress": "南宁市西乡塘区安园东路9号桃花源L组团1号楼和2号楼地下二层B2108号车位",
				"BDCArea": "50.59"
			},
			{
				"RoomPart": null,
				"FloorNo": 0,
				"RoomUsage": null,
				"CanSelect": false,
				"CannotSelectReason": null,
				"Owners": null,
				"SalesInfo": null,
				"BDCUnitNo": "450107008002GB00062F00390109",
				"BDCAddress": "南宁市西乡塘区安园东路9号桃花源L组团1号楼和2号楼地下二层B2109号车位",
				"BDCArea": "50.59"
			},
			{
				"RoomPart": null,
				"FloorNo": 0,
				"RoomUsage": null,
				"CanSelect": false,
				"CannotSelectReason": null,
				"Owners": null,
				"SalesInfo": null,
				"BDCUnitNo": "450107008002GB00062F00390110",
				"BDCAddress": "南宁市西乡塘区安园东路9号桃花源L组团1号楼和2号楼地下二层B2110号车位",
				"BDCArea": "50.59"
			},
			{
				"RoomPart": null,
				"FloorNo": 0,
				"RoomUsage": null,
				"CanSelect": false,
				"CannotSelectReason": null,
				"Owners": null,
				"SalesInfo": null,
				"BDCUnitNo": "450107008002GB00062F00390111",
				"BDCAddress": "南宁市西乡塘区安园东路9号桃花源L组团1号楼和2号楼地下二层B2111号车位",
				"BDCArea": "50.59"
			},
			{
				"RoomPart": null,
				"FloorNo": 0,
				"RoomUsage": null,
				"CanSelect": false,
				"CannotSelectReason": null,
				"Owners": null,
				"SalesInfo": null,
				"BDCUnitNo": "450107008002GB00062F00390112",
				"BDCAddress": "南宁市西乡塘区安园东路9号桃花源L组团1号楼和2号楼地下二层B2112号车位",
				"BDCArea": "50.59"
			},
			{
				"RoomPart": null,
				"FloorNo": 0,
				"RoomUsage": null,
				"CanSelect": false,
				"CannotSelectReason": null,
				"Owners": null,
				"SalesInfo": null,
				"BDCUnitNo": "450107008002GB00062F00390113",
				"BDCAddress": "南宁市西乡塘区安园东路9号桃花源L组团1号楼和2号楼地下二层B2113号车位",
				"BDCArea": "50.59"
			},
			{
				"RoomPart": null,
				"FloorNo": 0,
				"RoomUsage": null,
				"CanSelect": false,
				"CannotSelectReason": null,
				"Owners": null,
				"SalesInfo": null,
				"BDCUnitNo": "450107008002GB00062F00390114",
				"BDCAddress": "南宁市西乡塘区安园东路9号桃花源L组团1号楼和2号楼地下二层B2114号车位",
				"BDCArea": "50.59"
			},
			{
				"RoomPart": null,
				"FloorNo": 0,
				"RoomUsage": null,
				"CanSelect": false,
				"CannotSelectReason": null,
				"Owners": null,
				"SalesInfo": null,
				"BDCUnitNo": "450107008002GB00062F00390115",
				"BDCAddress": "南宁市西乡塘区安园东路9号桃花源L组团1号楼和2号楼地下二层B2115号车位",
				"BDCArea": "50.59"
			},
			{
				"RoomPart": null,
				"FloorNo": 0,
				"RoomUsage": null,
				"CanSelect": false,
				"CannotSelectReason": null,
				"Owners": null,
				"SalesInfo": null,
				"BDCUnitNo": "450107008002GB00062F00390116",
				"BDCAddress": "南宁市西乡塘区安园东路9号桃花源L组团1号楼和2号楼地下二层B2116号车位",
				"BDCArea": "50.59"
			},
			{
				"RoomPart": null,
				"FloorNo": 0,
				"RoomUsage": null,
				"CanSelect": false,
				"CannotSelectReason": null,
				"Owners": null,
				"SalesInfo": null,
				"BDCUnitNo": "450107008002GB00062F00390117",
				"BDCAddress": "南宁市西乡塘区安园东路9号桃花源L组团1号楼和2号楼地下二层B2117号车位",
				"BDCArea": "50.59"
			},
			{
				"RoomPart": null,
				"FloorNo": 0,
				"RoomUsage": null,
				"CanSelect": false,
				"CannotSelectReason": null,
				"Owners": null,
				"SalesInfo": null,
				"BDCUnitNo": "450107008002GB00062F00390118",
				"BDCAddress": "南宁市西乡塘区安园东路9号桃花源L组团1号楼和2号楼地下二层B2118号车位",
				"BDCArea": "50.59"
			},
			{
				"RoomPart": null,
				"FloorNo": 0,
				"RoomUsage": null,
				"CanSelect": false,
				"CannotSelectReason": null,
				"Owners": null,
				"SalesInfo": null,
				"BDCUnitNo": "450107008002GB00062F00390119",
				"BDCAddress": "南宁市西乡塘区安园东路9号桃花源L组团1号楼和2号楼地下二层B2119号车位",
				"BDCArea": "50.59"
			},
			{
				"RoomPart": null,
				"FloorNo": 0,
				"RoomUsage": null,
				"CanSelect": false,
				"CannotSelectReason": null,
				"Owners": null,
				"SalesInfo": null,
				"BDCUnitNo": "450107008002GB00062F00390120",
				"BDCAddress": "南宁市西乡塘区安园东路9号桃花源L组团1号楼和2号楼地下二层B2120号车位",
				"BDCArea": "50.59"
			},
			{
				"RoomPart": null,
				"FloorNo": 0,
				"RoomUsage": null,
				"CanSelect": false,
				"CannotSelectReason": null,
				"Owners": null,
				"SalesInfo": null,
				"BDCUnitNo": "450107008002GB00062F00390121",
				"BDCAddress": "南宁市西乡塘区安园东路9号桃花源L组团1号楼和2号楼地下二层B2121号车位",
				"BDCArea": "50.59"
			},
			{
				"RoomPart": null,
				"FloorNo": 0,
				"RoomUsage": null,
				"CanSelect": false,
				"CannotSelectReason": null,
				"Owners": null,
				"SalesInfo": null,
				"BDCUnitNo": "450107008002GB00062F00390122",
				"BDCAddress": "南宁市西乡塘区安园东路9号桃花源L组团1号楼和2号楼地下二层B2122号车位",
				"BDCArea": "50.59"
			},
			{
				"RoomPart": null,
				"FloorNo": 0,
				"RoomUsage": null,
				"CanSelect": false,
				"CannotSelectReason": null,
				"Owners": null,
				"SalesInfo": null,
				"BDCUnitNo": "450107008002GB00062F00390123",
				"BDCAddress": "南宁市西乡塘区安园东路9号桃花源L组团1号楼和2号楼地下二层B2123号车位",
				"BDCArea": "50.59"
			},
			{
				"RoomPart": null,
				"FloorNo": 0,
				"RoomUsage": null,
				"CanSelect": false,
				"CannotSelectReason": null,
				"Owners": null,
				"SalesInfo": null,
				"BDCUnitNo": "450107008002GB00062F00390124",
				"BDCAddress": "南宁市西乡塘区安园东路9号桃花源L组团1号楼和2号楼地下二层B2124号车位",
				"BDCArea": "50.59"
			},
			{
				"RoomPart": null,
				"FloorNo": 0,
				"RoomUsage": null,
				"CanSelect": false,
				"CannotSelectReason": null,
				"Owners": null,
				"SalesInfo": null,
				"BDCUnitNo": "450107008002GB00062F00390125",
				"BDCAddress": "南宁市西乡塘区安园东路9号桃花源L组团1号楼和2号楼地下二层B2125号车位",
				"BDCArea": "50.59"
			},
			{
				"RoomPart": null,
				"FloorNo": 0,
				"RoomUsage": null,
				"CanSelect": false,
				"CannotSelectReason": null,
				"Owners": null,
				"SalesInfo": null,
				"BDCUnitNo": "450107008002GB00062F00390126",
				"BDCAddress": "南宁市西乡塘区安园东路9号桃花源L组团1号楼和2号楼地下二层B2126号车位",
				"BDCArea": "46.55"
			},
			{
				"RoomPart": null,
				"FloorNo": 0,
				"RoomUsage": null,
				"CanSelect": false,
				"CannotSelectReason": null,
				"Owners": null,
				"SalesInfo": null,
				"BDCUnitNo": "450107008002GB00062F00390127",
				"BDCAddress": "南宁市西乡塘区安园东路9号桃花源L组团1号楼和2号楼地下二层B2127号车位",
				"BDCArea": "46.55"
			},
			{
				"RoomPart": null,
				"FloorNo": 0,
				"RoomUsage": null,
				"CanSelect": false,
				"CannotSelectReason": null,
				"Owners": null,
				"SalesInfo": null,
				"BDCUnitNo": "450107008002GB00062F00390128",
				"BDCAddress": "南宁市西乡塘区安园东路9号桃花源L组团1号楼和2号楼地下二层B2128号车位",
				"BDCArea": "50.59"
			},
			{
				"RoomPart": null,
				"FloorNo": 0,
				"RoomUsage": null,
				"CanSelect": false,
				"CannotSelectReason": null,
				"Owners": null,
				"SalesInfo": null,
				"BDCUnitNo": "450107008002GB00062F00390129",
				"BDCAddress": "南宁市西乡塘区安园东路9号桃花源L组团1号楼和2号楼地下二层B2129号车位",
				"BDCArea": "50.59"
			},
			{
				"RoomPart": null,
				"FloorNo": 0,
				"RoomUsage": null,
				"CanSelect": false,
				"CannotSelectReason": null,
				"Owners": null,
				"SalesInfo": null,
				"BDCUnitNo": "450107008002GB00062F00390130",
				"BDCAddress": "南宁市西乡塘区安园东路9号桃花源L组团1号楼和2号楼地下二层B2130号车位",
				"BDCArea": "50.59"
			},
			{
				"RoomPart": null,
				"FloorNo": 0,
				"RoomUsage": null,
				"CanSelect": false,
				"CannotSelectReason": null,
				"Owners": null,
				"SalesInfo": null,
				"BDCUnitNo": "450107008002GB00062F00390131",
				"BDCAddress": "南宁市西乡塘区安园东路9号桃花源L组团1号楼和2号楼地下二层B2131号车位",
				"BDCArea": "50.59"
			},
			{
				"RoomPart": null,
				"FloorNo": 0,
				"RoomUsage": null,
				"CanSelect": false,
				"CannotSelectReason": null,
				"Owners": null,
				"SalesInfo": null,
				"BDCUnitNo": "450107008002GB00062F00390132",
				"BDCAddress": "南宁市西乡塘区安园东路9号桃花源L组团1号楼和2号楼地下二层B2132号车位",
				"BDCArea": "50.59"
			},
			{
				"RoomPart": null,
				"FloorNo": 0,
				"RoomUsage": null,
				"CanSelect": false,
				"CannotSelectReason": null,
				"Owners": null,
				"SalesInfo": null,
				"BDCUnitNo": "450107008002GB00062F00390133",
				"BDCAddress": "南宁市西乡塘区安园东路9号桃花源L组团1号楼和2号楼地下二层B2133号车位",
				"BDCArea": "50.59"
			},
			{
				"RoomPart": null,
				"FloorNo": 0,
				"RoomUsage": null,
				"CanSelect": false,
				"CannotSelectReason": null,
				"Owners": null,
				"SalesInfo": null,
				"BDCUnitNo": "450107008002GB00062F00390134",
				"BDCAddress": "南宁市西乡塘区安园东路9号桃花源L组团1号楼和2号楼地下二层B2134号车位",
				"BDCArea": "50.59"
			},
			{
				"RoomPart": null,
				"FloorNo": 0,
				"RoomUsage": null,
				"CanSelect": false,
				"CannotSelectReason": null,
				"Owners": null,
				"SalesInfo": null,
				"BDCUnitNo": "450107008002GB00062F00390135",
				"BDCAddress": "南宁市西乡塘区安园东路9号桃花源L组团1号楼和2号楼地下二层B2135号车位",
				"BDCArea": "50.59"
			},
			{
				"RoomPart": null,
				"FloorNo": 0,
				"RoomUsage": null,
				"CanSelect": false,
				"CannotSelectReason": null,
				"Owners": null,
				"SalesInfo": null,
				"BDCUnitNo": "450107008002GB00062F00390136",
				"BDCAddress": "南宁市西乡塘区安园东路9号桃花源L组团1号楼和2号楼地下二层B2136号车位",
				"BDCArea": "50.59"
			},
			{
				"RoomPart": null,
				"FloorNo": 0,
				"RoomUsage": null,
				"CanSelect": false,
				"CannotSelectReason": null,
				"Owners": null,
				"SalesInfo": null,
				"BDCUnitNo": "450107008002GB00062F00390137",
				"BDCAddress": "南宁市西乡塘区安园东路9号桃花源L组团1号楼和2号楼地下二层B2137号车位",
				"BDCArea": "50.59"
			},
			{
				"RoomPart": null,
				"FloorNo": 0,
				"RoomUsage": null,
				"CanSelect": false,
				"CannotSelectReason": null,
				"Owners": null,
				"SalesInfo": null,
				"BDCUnitNo": "450107008002GB00062F00390138",
				"BDCAddress": "南宁市西乡塘区安园东路9号桃花源L组团1号楼和2号楼地下二层B2138号车位",
				"BDCArea": "50.59"
			},
			{
				"RoomPart": null,
				"FloorNo": 0,
				"RoomUsage": null,
				"CanSelect": false,
				"CannotSelectReason": null,
				"Owners": null,
				"SalesInfo": null,
				"BDCUnitNo": "450107008002GB00062F00390139",
				"BDCAddress": "南宁市西乡塘区安园东路9号桃花源L组团1号楼和2号楼地下二层B2139号车位",
				"BDCArea": "50.59"
			},
			{
				"RoomPart": null,
				"FloorNo": 0,
				"RoomUsage": null,
				"CanSelect": false,
				"CannotSelectReason": null,
				"Owners": null,
				"SalesInfo": null,
				"BDCUnitNo": "450107008002GB00062F00390140",
				"BDCAddress": "南宁市西乡塘区安园东路9号桃花源L组团1号楼和2号楼地下二层B2140号车位",
				"BDCArea": "50.59"
			},
			{
				"RoomPart": null,
				"FloorNo": 0,
				"RoomUsage": null,
				"CanSelect": false,
				"CannotSelectReason": null,
				"Owners": null,
				"SalesInfo": null,
				"BDCUnitNo": "450107008002GB00062F00390141",
				"BDCAddress": "南宁市西乡塘区安园东路9号桃花源L组团1号楼和2号楼地下二层B2141号车位",
				"BDCArea": "50.59"
			},
			{
				"RoomPart": null,
				"FloorNo": 0,
				"RoomUsage": null,
				"CanSelect": false,
				"CannotSelectReason": null,
				"Owners": null,
				"SalesInfo": null,
				"BDCUnitNo": "450107008002GB00062F00390142",
				"BDCAddress": "南宁市西乡塘区安园东路9号桃花源L组团1号楼和2号楼地下二层B2142号车位",
				"BDCArea": "50.59"
			},
			{
				"RoomPart": null,
				"FloorNo": 0,
				"RoomUsage": null,
				"CanSelect": false,
				"CannotSelectReason": null,
				"Owners": null,
				"SalesInfo": null,
				"BDCUnitNo": "450107008002GB00062F00390143",
				"BDCAddress": "南宁市西乡塘区安园东路9号桃花源L组团1号楼和2号楼地下二层B2143号车位",
				"BDCArea": "50.59"
			},
			{
				"RoomPart": null,
				"FloorNo": 0,
				"RoomUsage": null,
				"CanSelect": false,
				"CannotSelectReason": null,
				"Owners": null,
				"SalesInfo": null,
				"BDCUnitNo": "450107008002GB00062F00390144",
				"BDCAddress": "南宁市西乡塘区安园东路9号桃花源L组团1号楼和2号楼地下二层B2144号车位",
				"BDCArea": "50.59"
			},
			{
				"RoomPart": null,
				"FloorNo": 0,
				"RoomUsage": null,
				"CanSelect": false,
				"CannotSelectReason": null,
				"Owners": null,
				"SalesInfo": null,
				"BDCUnitNo": "450107008002GB00062F00390145",
				"BDCAddress": "南宁市西乡塘区安园东路9号桃花源L组团1号楼和2号楼地下二层B2145号车位",
				"BDCArea": "50.59"
			},
			{
				"RoomPart": null,
				"FloorNo": 0,
				"RoomUsage": null,
				"CanSelect": false,
				"CannotSelectReason": null,
				"Owners": null,
				"SalesInfo": null,
				"BDCUnitNo": "450107008002GB00062F00390146",
				"BDCAddress": "南宁市西乡塘区安园东路9号桃花源L组团1号楼和2号楼地下二层B2146号车位",
				"BDCArea": "50.59"
			},
			{
				"RoomPart": null,
				"FloorNo": 0,
				"RoomUsage": null,
				"CanSelect": false,
				"CannotSelectReason": null,
				"Owners": null,
				"SalesInfo": null,
				"BDCUnitNo": "450107008002GB00062F00390147",
				"BDCAddress": "南宁市西乡塘区安园东路9号桃花源L组团1号楼和2号楼地下二层B2147号车位",
				"BDCArea": "50.59"
			},
			{
				"RoomPart": null,
				"FloorNo": 0,
				"RoomUsage": null,
				"CanSelect": false,
				"CannotSelectReason": null,
				"Owners": null,
				"SalesInfo": null,
				"BDCUnitNo": "450107008002GB00062F00390148",
				"BDCAddress": "南宁市西乡塘区安园东路9号桃花源L组团1号楼和2号楼地下二层B2148号车位",
				"BDCArea": "50.59"
			},
			{
				"RoomPart": null,
				"FloorNo": 0,
				"RoomUsage": null,
				"CanSelect": false,
				"CannotSelectReason": null,
				"Owners": null,
				"SalesInfo": null,
				"BDCUnitNo": "450107008002GB00062F00390149",
				"BDCAddress": "南宁市西乡塘区安园东路9号桃花源L组团1号楼和2号楼地下二层B2149号车位",
				"BDCArea": "50.59"
			},
			{
				"RoomPart": null,
				"FloorNo": 0,
				"RoomUsage": null,
				"CanSelect": false,
				"CannotSelectReason": null,
				"Owners": null,
				"SalesInfo": null,
				"BDCUnitNo": "450107008002GB00062F00390150",
				"BDCAddress": "南宁市西乡塘区安园东路9号桃花源L组团1号楼和2号楼地下二层B2150号车位",
				"BDCArea": "50.59"
			},
			{
				"RoomPart": null,
				"FloorNo": 0,
				"RoomUsage": null,
				"CanSelect": false,
				"CannotSelectReason": null,
				"Owners": null,
				"SalesInfo": null,
				"BDCUnitNo": "450107008002GB00062F00390151",
				"BDCAddress": "南宁市西乡塘区安园东路9号桃花源L组团1号楼和2号楼地下二层B2151号车位",
				"BDCArea": "50.59"
			},
			{
				"RoomPart": null,
				"FloorNo": 0,
				"RoomUsage": null,
				"CanSelect": false,
				"CannotSelectReason": null,
				"Owners": null,
				"SalesInfo": null,
				"BDCUnitNo": "450107008002GB00062F00390152",
				"BDCAddress": "南宁市西乡塘区安园东路9号桃花源L组团1号楼和2号楼地下二层B2152号车位",
				"BDCArea": "50.59"
			},
			{
				"RoomPart": null,
				"FloorNo": 0,
				"RoomUsage": null,
				"CanSelect": false,
				"CannotSelectReason": null,
				"Owners": null,
				"SalesInfo": null,
				"BDCUnitNo": "450107008002GB00062F00390153",
				"BDCAddress": "南宁市西乡塘区安园东路9号桃花源L组团1号楼和2号楼地下二层B2153号车位",
				"BDCArea": "50.59"
			},
			{
				"RoomPart": null,
				"FloorNo": 0,
				"RoomUsage": null,
				"CanSelect": false,
				"CannotSelectReason": null,
				"Owners": null,
				"SalesInfo": null,
				"BDCUnitNo": "450107008002GB00062F00390154",
				"BDCAddress": "南宁市西乡塘区安园东路9号桃花源L组团1号楼和2号楼地下二层B2154号车位",
				"BDCArea": "50.59"
			},
			{
				"RoomPart": null,
				"FloorNo": 0,
				"RoomUsage": null,
				"CanSelect": false,
				"CannotSelectReason": null,
				"Owners": null,
				"SalesInfo": null,
				"BDCUnitNo": "450107008002GB00062F00390155",
				"BDCAddress": "南宁市西乡塘区安园东路9号桃花源L组团1号楼和2号楼地下二层B2155号车位",
				"BDCArea": "36.21"
			},
			{
				"RoomPart": null,
				"FloorNo": 0,
				"RoomUsage": null,
				"CanSelect": false,
				"CannotSelectReason": null,
				"Owners": null,
				"SalesInfo": null,
				"BDCUnitNo": "450107008002GB00062F00390156",
				"BDCAddress": "南宁市西乡塘区安园东路9号桃花源L组团1号楼和2号楼地下二层B2156号车位",
				"BDCArea": "50.59"
			},
			{
				"RoomPart": null,
				"FloorNo": 0,
				"RoomUsage": null,
				"CanSelect": false,
				"CannotSelectReason": null,
				"Owners": null,
				"SalesInfo": null,
				"BDCUnitNo": "450107008002GB00062F00390157",
				"BDCAddress": "南宁市西乡塘区安园东路9号桃花源L组团1号楼和2号楼地下二层B2157号车位",
				"BDCArea": "50.59"
			},
			{
				"RoomPart": null,
				"FloorNo": 0,
				"RoomUsage": null,
				"CanSelect": false,
				"CannotSelectReason": null,
				"Owners": null,
				"SalesInfo": null,
				"BDCUnitNo": "450107008002GB00062F00390158",
				"BDCAddress": "南宁市西乡塘区安园东路9号桃花源L组团1号楼和2号楼地下二层B2158号车位",
				"BDCArea": "50.59"
			},
			{
				"RoomPart": null,
				"FloorNo": 0,
				"RoomUsage": null,
				"CanSelect": false,
				"CannotSelectReason": null,
				"Owners": null,
				"SalesInfo": null,
				"BDCUnitNo": "450107008002GB00062F00390159",
				"BDCAddress": "南宁市西乡塘区安园东路9号桃花源L组团1号楼和2号楼地下二层B2159号车位",
				"BDCArea": "50.59"
			},
			{
				"RoomPart": null,
				"FloorNo": 0,
				"RoomUsage": null,
				"CanSelect": false,
				"CannotSelectReason": null,
				"Owners": null,
				"SalesInfo": null,
				"BDCUnitNo": "450107008002GB00062F00390160",
				"BDCAddress": "南宁市西乡塘区安园东路9号桃花源L组团1号楼和2号楼地下二层B2160号车位",
				"BDCArea": "36.21"
			},
			{
				"RoomPart": null,
				"FloorNo": 0,
				"RoomUsage": null,
				"CanSelect": false,
				"CannotSelectReason": null,
				"Owners": null,
				"SalesInfo": null,
				"BDCUnitNo": "450107008002GB00062F00390161",
				"BDCAddress": "南宁市西乡塘区安园东路9号桃花源L组团1号楼和2号楼地下二层B2161号车位",
				"BDCArea": "50.59"
			},
			{
				"RoomPart": null,
				"FloorNo": 0,
				"RoomUsage": null,
				"CanSelect": false,
				"CannotSelectReason": null,
				"Owners": null,
				"SalesInfo": null,
				"BDCUnitNo": "450107008002GB00062F00390162",
				"BDCAddress": "南宁市西乡塘区安园东路9号桃花源L组团1号楼和2号楼地下二层B2162号车位",
				"BDCArea": "50.59"
			},
			{
				"RoomPart": null,
				"FloorNo": 0,
				"RoomUsage": null,
				"CanSelect": false,
				"CannotSelectReason": null,
				"Owners": null,
				"SalesInfo": null,
				"BDCUnitNo": "450107008002GB00062F00390163",
				"BDCAddress": "南宁市西乡塘区安园东路9号桃花源L组团1号楼和2号楼地下二层B2163号车位",
				"BDCArea": "50.59"
			},
			{
				"RoomPart": null,
				"FloorNo": 0,
				"RoomUsage": null,
				"CanSelect": false,
				"CannotSelectReason": null,
				"Owners": null,
				"SalesInfo": null,
				"BDCUnitNo": "450107008002GB00062F00390164",
				"BDCAddress": "南宁市西乡塘区安园东路9号桃花源L组团1号楼和2号楼地下二层B2164号车位",
				"BDCArea": "50.59"
			},
			{
				"RoomPart": null,
				"FloorNo": 0,
				"RoomUsage": null,
				"CanSelect": false,
				"CannotSelectReason": null,
				"Owners": null,
				"SalesInfo": null,
				"BDCUnitNo": "450107008002GB00062F00390165",
				"BDCAddress": "南宁市西乡塘区安园东路9号桃花源L组团1号楼和2号楼地下二层B2165号车位",
				"BDCArea": "50.59"
			},
			{
				"RoomPart": null,
				"FloorNo": 0,
				"RoomUsage": null,
				"CanSelect": false,
				"CannotSelectReason": null,
				"Owners": null,
				"SalesInfo": null,
				"BDCUnitNo": "450107008002GB00062F00390166",
				"BDCAddress": "南宁市西乡塘区安园东路9号桃花源L组团1号楼和2号楼地下二层B2166号车位",
				"BDCArea": "50.59"
			},
			{
				"RoomPart": null,
				"FloorNo": 0,
				"RoomUsage": null,
				"CanSelect": false,
				"CannotSelectReason": null,
				"Owners": null,
				"SalesInfo": null,
				"BDCUnitNo": "450107008002GB00062F00390167",
				"BDCAddress": "南宁市西乡塘区安园东路9号桃花源L组团1号楼和2号楼地下二层B2167号车位",
				"BDCArea": "50.59"
			},
			{
				"RoomPart": null,
				"FloorNo": 0,
				"RoomUsage": null,
				"CanSelect": false,
				"CannotSelectReason": null,
				"Owners": null,
				"SalesInfo": null,
				"BDCUnitNo": "450107008002GB00062F00390168",
				"BDCAddress": "南宁市西乡塘区安园东路9号桃花源L组团1号楼和2号楼地下二层B2168号车位",
				"BDCArea": "50.59"
			},
			{
				"RoomPart": null,
				"FloorNo": 0,
				"RoomUsage": null,
				"CanSelect": false,
				"CannotSelectReason": null,
				"Owners": null,
				"SalesInfo": null,
				"BDCUnitNo": "450107008002GB00062F00390169",
				"BDCAddress": "南宁市西乡塘区安园东路9号桃花源L组团1号楼和2号楼地下二层B2169号车位",
				"BDCArea": "50.59"
			},
			{
				"RoomPart": null,
				"FloorNo": 0,
				"RoomUsage": null,
				"CanSelect": false,
				"CannotSelectReason": null,
				"Owners": null,
				"SalesInfo": null,
				"BDCUnitNo": "450107008002GB00062F00390170",
				"BDCAddress": "南宁市西乡塘区安园东路9号桃花源L组团1号楼和2号楼地下二层B2170号车位",
				"BDCArea": "50.59"
			},
			{
				"RoomPart": null,
				"FloorNo": 0,
				"RoomUsage": null,
				"CanSelect": false,
				"CannotSelectReason": null,
				"Owners": null,
				"SalesInfo": null,
				"BDCUnitNo": "450107008002GB00062F00390171",
				"BDCAddress": "南宁市西乡塘区安园东路9号桃花源L组团1号楼和2号楼地下二层B2171号车位",
				"BDCArea": "50.59"
			},
			{
				"RoomPart": null,
				"FloorNo": 0,
				"RoomUsage": null,
				"CanSelect": false,
				"CannotSelectReason": null,
				"Owners": null,
				"SalesInfo": null,
				"BDCUnitNo": "450107008002GB00062F00390172",
				"BDCAddress": "南宁市西乡塘区安园东路9号桃花源L组团1号楼和2号楼地下二层B2172号车位",
				"BDCArea": "50.59"
			},
			{
				"RoomPart": null,
				"FloorNo": 0,
				"RoomUsage": null,
				"CanSelect": false,
				"CannotSelectReason": null,
				"Owners": null,
				"SalesInfo": null,
				"BDCUnitNo": "450107008002GB00062F00390173",
				"BDCAddress": "南宁市西乡塘区安园东路9号桃花源L组团1号楼和2号楼地下二层B2173号车位",
				"BDCArea": "50.59"
			},
			{
				"RoomPart": null,
				"FloorNo": 0,
				"RoomUsage": null,
				"CanSelect": false,
				"CannotSelectReason": null,
				"Owners": null,
				"SalesInfo": null,
				"BDCUnitNo": "450107008002GB00062F00390174",
				"BDCAddress": "南宁市西乡塘区安园东路9号桃花源L组团1号楼和2号楼地下二层B2174号车位",
				"BDCArea": "50.59"
			},
			{
				"RoomPart": null,
				"FloorNo": 0,
				"RoomUsage": null,
				"CanSelect": false,
				"CannotSelectReason": null,
				"Owners": null,
				"SalesInfo": null,
				"BDCUnitNo": "450107008002GB00062F00390175",
				"BDCAddress": "南宁市西乡塘区安园东路9号桃花源L组团1号楼和2号楼地下二层B2175号车位",
				"BDCArea": "50.59"
			},
			{
				"RoomPart": null,
				"FloorNo": 0,
				"RoomUsage": null,
				"CanSelect": false,
				"CannotSelectReason": null,
				"Owners": null,
				"SalesInfo": null,
				"BDCUnitNo": "450107008002GB00062F00390176",
				"BDCAddress": "南宁市西乡塘区安园东路9号桃花源L组团1号楼和2号楼地下二层B2176号车位",
				"BDCArea": "50.59"
			},
			{
				"RoomPart": null,
				"FloorNo": 0,
				"RoomUsage": null,
				"CanSelect": false,
				"CannotSelectReason": null,
				"Owners": null,
				"SalesInfo": null,
				"BDCUnitNo": "450107008002GB00062F00390177",
				"BDCAddress": "南宁市西乡塘区安园东路9号桃花源L组团1号楼和2号楼地下二层B2177号车位",
				"BDCArea": "50.59"
			},
			{
				"RoomPart": null,
				"FloorNo": 0,
				"RoomUsage": null,
				"CanSelect": false,
				"CannotSelectReason": null,
				"Owners": null,
				"SalesInfo": null,
				"BDCUnitNo": "450107008002GB00062F00390178",
				"BDCAddress": "南宁市西乡塘区安园东路9号桃花源L组团1号楼和2号楼地下二层B2178号车位",
				"BDCArea": "50.59"
			},
			{
				"RoomPart": null,
				"FloorNo": 0,
				"RoomUsage": null,
				"CanSelect": false,
				"CannotSelectReason": null,
				"Owners": null,
				"SalesInfo": null,
				"BDCUnitNo": "450107008002GB00062F00390179",
				"BDCAddress": "南宁市西乡塘区安园东路9号桃花源L组团1号楼和2号楼地下二层B2179号车位",
				"BDCArea": "50.59"
			},
			{
				"RoomPart": null,
				"FloorNo": 0,
				"RoomUsage": null,
				"CanSelect": false,
				"CannotSelectReason": null,
				"Owners": null,
				"SalesInfo": null,
				"BDCUnitNo": "450107008002GB00062F00390180",
				"BDCAddress": "南宁市西乡塘区安园东路9号桃花源L组团1号楼和2号楼地下二层B2180号车位",
				"BDCArea": "50.59"
			},
			{
				"RoomPart": null,
				"FloorNo": 0,
				"RoomUsage": null,
				"CanSelect": false,
				"CannotSelectReason": null,
				"Owners": null,
				"SalesInfo": null,
				"BDCUnitNo": "450107008002GB00062F00390181",
				"BDCAddress": "南宁市西乡塘区安园东路9号桃花源L组团1号楼和2号楼地下二层B2181号车位",
				"BDCArea": "50.59"
			},
			{
				"RoomPart": null,
				"FloorNo": 0,
				"RoomUsage": null,
				"CanSelect": false,
				"CannotSelectReason": null,
				"Owners": null,
				"SalesInfo": null,
				"BDCUnitNo": "450107008002GB00062F00390182",
				"BDCAddress": "南宁市西乡塘区安园东路9号桃花源L组团1号楼和2号楼地下二层B2182号车位",
				"BDCArea": "50.59"
			},
			{
				"RoomPart": null,
				"FloorNo": 0,
				"RoomUsage": null,
				"CanSelect": false,
				"CannotSelectReason": null,
				"Owners": null,
				"SalesInfo": null,
				"BDCUnitNo": "450107008002GB00062F00390183",
				"BDCAddress": "南宁市西乡塘区安园东路9号桃花源L组团1号楼和2号楼地下二层B2183号车位",
				"BDCArea": "50.59"
			},
			{
				"RoomPart": null,
				"FloorNo": 0,
				"RoomUsage": null,
				"CanSelect": false,
				"CannotSelectReason": null,
				"Owners": null,
				"SalesInfo": null,
				"BDCUnitNo": "450107008002GB00062F00390184",
				"BDCAddress": "南宁市西乡塘区安园东路9号桃花源L组团1号楼和2号楼地下二层B2184号车位",
				"BDCArea": "50.59"
			},
			{
				"RoomPart": null,
				"FloorNo": 0,
				"RoomUsage": null,
				"CanSelect": false,
				"CannotSelectReason": null,
				"Owners": null,
				"SalesInfo": null,
				"BDCUnitNo": "450107008002GB00062F00390185",
				"BDCAddress": "南宁市西乡塘区安园东路9号桃花源L组团1号楼和2号楼地下二层B2185号车位",
				"BDCArea": "36.21"
			},
			{
				"RoomPart": null,
				"FloorNo": 0,
				"RoomUsage": null,
				"CanSelect": false,
				"CannotSelectReason": null,
				"Owners": null,
				"SalesInfo": null,
				"BDCUnitNo": "450107008002GB00062F00390186",
				"BDCAddress": "南宁市西乡塘区安园东路9号桃花源L组团1号楼和2号楼地下二层B2186号车位",
				"BDCArea": "50.59"
			},
			{
				"RoomPart": null,
				"FloorNo": 0,
				"RoomUsage": null,
				"CanSelect": false,
				"CannotSelectReason": null,
				"Owners": null,
				"SalesInfo": null,
				"BDCUnitNo": "450107008002GB00062F00390187",
				"BDCAddress": "南宁市西乡塘区安园东路9号桃花源L组团1号楼和2号楼地下二层B2187号车位",
				"BDCArea": "50.59"
			},
			{
				"RoomPart": null,
				"FloorNo": 0,
				"RoomUsage": null,
				"CanSelect": false,
				"CannotSelectReason": null,
				"Owners": null,
				"SalesInfo": null,
				"BDCUnitNo": "450107008002GB00062F00390188",
				"BDCAddress": "南宁市西乡塘区安园东路9号桃花源L组团1号楼和2号楼地下二层B2188号车位",
				"BDCArea": "50.59"
			},
			{
				"RoomPart": null,
				"FloorNo": 0,
				"RoomUsage": null,
				"CanSelect": false,
				"CannotSelectReason": null,
				"Owners": null,
				"SalesInfo": null,
				"BDCUnitNo": "450107008002GB00062F00390189",
				"BDCAddress": "南宁市西乡塘区安园东路9号桃花源L组团1号楼和2号楼地下二层B2189号车位",
				"BDCArea": "50.59"
			},
			{
				"RoomPart": null,
				"FloorNo": 0,
				"RoomUsage": null,
				"CanSelect": false,
				"CannotSelectReason": null,
				"Owners": null,
				"SalesInfo": null,
				"BDCUnitNo": "450107008002GB00062F00390190",
				"BDCAddress": "南宁市西乡塘区安园东路9号桃花源L组团1号楼和2号楼地下二层小区发电机房（单列）",
				"BDCArea": "58.24"
			},
			{
				"RoomPart": null,
				"FloorNo": 0,
				"RoomUsage": null,
				"CanSelect": false,
				"CannotSelectReason": null,
				"Owners": null,
				"SalesInfo": null,
				"BDCUnitNo": "450107008002GB00062F00390191",
				"BDCAddress": "南宁市西乡塘区安园东路9号桃花源L组团1号楼和2号楼地下二层小区变配电间（单列）",
				"BDCArea": "68.51"
			},
			{
				"RoomPart": null,
				"FloorNo": 0,
				"RoomUsage": null,
				"CanSelect": false,
				"CannotSelectReason": null,
				"Owners": null,
				"SalesInfo": null,
				"BDCUnitNo": "450107008002GB00062F00390192",
				"BDCAddress": "南宁市西乡塘区安园东路9号桃花源L组团1号楼和2号楼地下二层小区水泵房（单列）",
				"BDCArea": "109.42"
			},
			{
				"RoomPart": null,
				"FloorNo": 0,
				"RoomUsage": null,
				"CanSelect": false,
				"CannotSelectReason": null,
				"Owners": null,
				"SalesInfo": null,
				"BDCUnitNo": "450107008002GB00062F00390193",
				"BDCAddress": "南宁市西乡塘区安园东路9号桃花源L组团1号楼和2号楼地下二层小区消防水池（单列）",
				"BDCArea": "110.22"
			},
			{
				"RoomPart": null,
				"FloorNo": 0,
				"RoomUsage": null,
				"CanSelect": false,
				"CannotSelectReason": null,
				"Owners": null,
				"SalesInfo": null,
				"BDCUnitNo": "450107008002GB00062F00390194",
				"BDCAddress": "南宁市西乡塘区安园东路9号桃花源L组团1号楼和2号楼地下一层B101号自行车库",
				"BDCArea": "1040.06"
			},
			{
				"RoomPart": null,
				"FloorNo": 0,
				"RoomUsage": null,
				"CanSelect": false,
				"CannotSelectReason": null,
				"Owners": null,
				"SalesInfo": null,
				"BDCUnitNo": "450107008002GB00062F00390195",
				"BDCAddress": "南宁市西乡塘区安园东路9号桃花源L组团1号楼和2号楼地下一层B102号自行车库",
				"BDCArea": "1149.84"
			},
			{
				"RoomPart": null,
				"FloorNo": 0,
				"RoomUsage": null,
				"CanSelect": false,
				"CannotSelectReason": null,
				"Owners": null,
				"SalesInfo": null,
				"BDCUnitNo": "450107008002GB00062F00390196",
				"BDCAddress": "南宁市西乡塘区安园东路9号桃花源L组团1号楼和2号楼地下一层超市",
				"BDCArea": "4685.36"
			},
			{
				"RoomPart": null,
				"FloorNo": 0,
				"RoomUsage": null,
				"CanSelect": false,
				"CannotSelectReason": null,
				"Owners": null,
				"SalesInfo": null,
				"BDCUnitNo": "450107008002GB00062F00390197",
				"BDCAddress": "南宁市西乡塘区安园东路9号桃花源L组团1号楼和2号楼一层101号商铺",
				"BDCArea": "50.50"
			},
			{
				"RoomPart": null,
				"FloorNo": 0,
				"RoomUsage": null,
				"CanSelect": false,
				"CannotSelectReason": null,
				"Owners": null,
				"SalesInfo": null,
				"BDCUnitNo": "450107008002GB00062F00390198",
				"BDCAddress": "南宁市西乡塘区安园东路9号桃花源L组团1号楼和2号楼一层102号商铺",
				"BDCArea": "29.27"
			},
			{
				"RoomPart": null,
				"FloorNo": 0,
				"RoomUsage": null,
				"CanSelect": false,
				"CannotSelectReason": null,
				"Owners": null,
				"SalesInfo": null,
				"BDCUnitNo": "450107008002GB00062F00390199",
				"BDCAddress": "南宁市西乡塘区安园东路9号桃花源L组团1号楼和2号楼一层103号商铺",
				"BDCArea": "38.83"
			},
			{
				"RoomPart": null,
				"FloorNo": 0,
				"RoomUsage": null,
				"CanSelect": false,
				"CannotSelectReason": null,
				"Owners": null,
				"SalesInfo": null,
				"BDCUnitNo": "450107008002GB00062F00390200",
				"BDCAddress": "南宁市西乡塘区安园东路9号桃花源L组团1号楼和2号楼一层104号商铺",
				"BDCArea": "29.92"
			},
			{
				"RoomPart": null,
				"FloorNo": 0,
				"RoomUsage": null,
				"CanSelect": false,
				"CannotSelectReason": null,
				"Owners": null,
				"SalesInfo": null,
				"BDCUnitNo": "450107008002GB00062F00390201",
				"BDCAddress": "南宁市西乡塘区安园东路9号桃花源L组团1号楼和2号楼一层105号商铺",
				"BDCArea": "33.55"
			},
			{
				"RoomPart": null,
				"FloorNo": 0,
				"RoomUsage": null,
				"CanSelect": false,
				"CannotSelectReason": null,
				"Owners": null,
				"SalesInfo": null,
				"BDCUnitNo": "450107008002GB00062F00390202",
				"BDCAddress": "南宁市西乡塘区安园东路9号桃花源L组团1号楼和2号楼一层106号商铺",
				"BDCArea": "32.03"
			},
			{
				"RoomPart": null,
				"FloorNo": 0,
				"RoomUsage": null,
				"CanSelect": false,
				"CannotSelectReason": null,
				"Owners": null,
				"SalesInfo": null,
				"BDCUnitNo": "450107008002GB00062F00390203",
				"BDCAddress": "南宁市西乡塘区安园东路9号桃花源L组团1号楼和2号楼一层107号商铺",
				"BDCArea": "32.64"
			},
			{
				"RoomPart": null,
				"FloorNo": 0,
				"RoomUsage": null,
				"CanSelect": false,
				"CannotSelectReason": null,
				"Owners": null,
				"SalesInfo": null,
				"BDCUnitNo": "450107008002GB00062F00390204",
				"BDCAddress": "南宁市西乡塘区安园东路9号桃花源L组团1号楼和2号楼一层108号商铺",
				"BDCArea": "27.20"
			},
			{
				"RoomPart": null,
				"FloorNo": 0,
				"RoomUsage": null,
				"CanSelect": false,
				"CannotSelectReason": null,
				"Owners": null,
				"SalesInfo": null,
				"BDCUnitNo": "450107008002GB00062F00390205",
				"BDCAddress": "南宁市西乡塘区安园东路9号桃花源L组团1号楼和2号楼一层109号商铺",
				"BDCArea": "42.68"
			},
			{
				"RoomPart": null,
				"FloorNo": 0,
				"RoomUsage": null,
				"CanSelect": false,
				"CannotSelectReason": null,
				"Owners": null,
				"SalesInfo": null,
				"BDCUnitNo": "450107008002GB00062F00390206",
				"BDCAddress": "南宁市西乡塘区安园东路9号桃花源L组团1号楼和2号楼一层110号商铺",
				"BDCArea": "36.27"
			},
			{
				"RoomPart": null,
				"FloorNo": 0,
				"RoomUsage": null,
				"CanSelect": false,
				"CannotSelectReason": null,
				"Owners": null,
				"SalesInfo": null,
				"BDCUnitNo": "450107008002GB00062F00390207",
				"BDCAddress": "南宁市西乡塘区安园东路9号桃花源L组团1号楼和2号楼一层111号商铺",
				"BDCArea": "29.92"
			},
			{
				"RoomPart": null,
				"FloorNo": 0,
				"RoomUsage": null,
				"CanSelect": false,
				"CannotSelectReason": null,
				"Owners": null,
				"SalesInfo": null,
				"BDCUnitNo": "450107008002GB00062F00390208",
				"BDCAddress": "南宁市西乡塘区安园东路9号桃花源L组团1号楼和2号楼一层112号商铺",
				"BDCArea": "43.15"
			},
			{
				"RoomPart": null,
				"FloorNo": 0,
				"RoomUsage": null,
				"CanSelect": false,
				"CannotSelectReason": null,
				"Owners": null,
				"SalesInfo": null,
				"BDCUnitNo": "450107008002GB00062F00390209",
				"BDCAddress": "南宁市西乡塘区安园东路9号桃花源L组团1号楼和2号楼一层113号商铺",
				"BDCArea": "25.80"
			},
			{
				"RoomPart": null,
				"FloorNo": 0,
				"RoomUsage": null,
				"CanSelect": false,
				"CannotSelectReason": null,
				"Owners": null,
				"SalesInfo": null,
				"BDCUnitNo": "450107008002GB00062F00390210",
				"BDCAddress": "南宁市西乡塘区安园东路9号桃花源L组团1号楼和2号楼一层114号商铺",
				"BDCArea": "28.92"
			},
			{
				"RoomPart": null,
				"FloorNo": 0,
				"RoomUsage": null,
				"CanSelect": false,
				"CannotSelectReason": null,
				"Owners": null,
				"SalesInfo": null,
				"BDCUnitNo": "450107008002GB00062F00390211",
				"BDCAddress": "南宁市西乡塘区安园东路9号桃花源L组团1号楼和2号楼一层115号商铺",
				"BDCArea": "25.80"
			},
			{
				"RoomPart": null,
				"FloorNo": 0,
				"RoomUsage": null,
				"CanSelect": false,
				"CannotSelectReason": null,
				"Owners": null,
				"SalesInfo": null,
				"BDCUnitNo": "450107008002GB00062F00390212",
				"BDCAddress": "南宁市西乡塘区安园东路9号桃花源L组团1号楼和2号楼一层116号商铺",
				"BDCArea": "28.51"
			},
			{
				"RoomPart": null,
				"FloorNo": 0,
				"RoomUsage": null,
				"CanSelect": false,
				"CannotSelectReason": null,
				"Owners": null,
				"SalesInfo": null,
				"BDCUnitNo": "450107008002GB00062F00390213",
				"BDCAddress": "南宁市西乡塘区安园东路9号桃花源L组团1号楼和2号楼一层117号商铺",
				"BDCArea": "28.51"
			},
			{
				"RoomPart": null,
				"FloorNo": 0,
				"RoomUsage": null,
				"CanSelect": false,
				"CannotSelectReason": null,
				"Owners": null,
				"SalesInfo": null,
				"BDCUnitNo": "450107008002GB00062F00390214",
				"BDCAddress": "南宁市西乡塘区安园东路9号桃花源L组团1号楼和2号楼一层118号商铺",
				"BDCArea": "31.99"
			},
			{
				"RoomPart": null,
				"FloorNo": 0,
				"RoomUsage": null,
				"CanSelect": false,
				"CannotSelectReason": null,
				"Owners": null,
				"SalesInfo": null,
				"BDCUnitNo": "450107008002GB00062F00390215",
				"BDCAddress": "南宁市西乡塘区安园东路9号桃花源L组团1号楼和2号楼一层119号商铺",
				"BDCArea": "35.86"
			},
			{
				"RoomPart": null,
				"FloorNo": 0,
				"RoomUsage": null,
				"CanSelect": false,
				"CannotSelectReason": null,
				"Owners": null,
				"SalesInfo": null,
				"BDCUnitNo": "450107008002GB00062F00390216",
				"BDCAddress": "南宁市西乡塘区安园东路9号桃花源L组团1号楼和2号楼一层120号商铺",
				"BDCArea": "31.99"
			},
			{
				"RoomPart": null,
				"FloorNo": 0,
				"RoomUsage": null,
				"CanSelect": false,
				"CannotSelectReason": null,
				"Owners": null,
				"SalesInfo": null,
				"BDCUnitNo": "450107008002GB00062F00390217",
				"BDCAddress": "南宁市西乡塘区安园东路9号桃花源L组团1号楼和2号楼一层121号商铺",
				"BDCArea": "30.11"
			},
			{
				"RoomPart": null,
				"FloorNo": 0,
				"RoomUsage": null,
				"CanSelect": false,
				"CannotSelectReason": null,
				"Owners": null,
				"SalesInfo": null,
				"BDCUnitNo": "450107008002GB00062F00390218",
				"BDCAddress": "南宁市西乡塘区安园东路9号桃花源L组团1号楼和2号楼一层122号商铺",
				"BDCArea": "32.95"
			},
			{
				"RoomPart": null,
				"FloorNo": 0,
				"RoomUsage": null,
				"CanSelect": false,
				"CannotSelectReason": null,
				"Owners": null,
				"SalesInfo": null,
				"BDCUnitNo": "450107008002GB00062F00390219",
				"BDCAddress": "南宁市西乡塘区安园东路9号桃花源L组团1号楼和2号楼一层123号商铺",
				"BDCArea": "31.99"
			},
			{
				"RoomPart": null,
				"FloorNo": 0,
				"RoomUsage": null,
				"CanSelect": false,
				"CannotSelectReason": null,
				"Owners": null,
				"SalesInfo": null,
				"BDCUnitNo": "450107008002GB00062F00390220",
				"BDCAddress": "南宁市西乡塘区安园东路9号桃花源L组团1号楼和2号楼一层124号商铺",
				"BDCArea": "28.51"
			},
			{
				"RoomPart": null,
				"FloorNo": 0,
				"RoomUsage": null,
				"CanSelect": false,
				"CannotSelectReason": null,
				"Owners": null,
				"SalesInfo": null,
				"BDCUnitNo": "450107008002GB00062F00390221",
				"BDCAddress": "南宁市西乡塘区安园东路9号桃花源L组团1号楼和2号楼一层125号商铺",
				"BDCArea": "28.51"
			},
			{
				"RoomPart": null,
				"FloorNo": 0,
				"RoomUsage": null,
				"CanSelect": false,
				"CannotSelectReason": null,
				"Owners": null,
				"SalesInfo": null,
				"BDCUnitNo": "450107008002GB00062F00390222",
				"BDCAddress": "南宁市西乡塘区安园东路9号桃花源L组团1号楼和2号楼一层126号商铺",
				"BDCArea": "25.80"
			},
			{
				"RoomPart": null,
				"FloorNo": 0,
				"RoomUsage": null,
				"CanSelect": false,
				"CannotSelectReason": null,
				"Owners": null,
				"SalesInfo": null,
				"BDCUnitNo": "450107008002GB00062F00390223",
				"BDCAddress": "南宁市西乡塘区安园东路9号桃花源L组团1号楼和2号楼一层127号商铺",
				"BDCArea": "28.92"
			},
			{
				"RoomPart": null,
				"FloorNo": 0,
				"RoomUsage": null,
				"CanSelect": false,
				"CannotSelectReason": null,
				"Owners": null,
				"SalesInfo": null,
				"BDCUnitNo": "450107008002GB00062F00390224",
				"BDCAddress": "南宁市西乡塘区安园东路9号桃花源L组团1号楼和2号楼一层128号商铺",
				"BDCArea": "25.80"
			},
			{
				"RoomPart": null,
				"FloorNo": 0,
				"RoomUsage": null,
				"CanSelect": false,
				"CannotSelectReason": null,
				"Owners": null,
				"SalesInfo": null,
				"BDCUnitNo": "450107008002GB00062F00390225",
				"BDCAddress": "南宁市西乡塘区安园东路9号桃花源L组团1号楼和2号楼一层129号商铺",
				"BDCArea": "44.56"
			},
			{
				"RoomPart": null,
				"FloorNo": 0,
				"RoomUsage": null,
				"CanSelect": false,
				"CannotSelectReason": null,
				"Owners": null,
				"SalesInfo": null,
				"BDCUnitNo": "450107008002GB00062F00390226",
				"BDCAddress": "南宁市西乡塘区安园东路9号桃花源L组团1号楼和2号楼一层130号商铺",
				"BDCArea": "23.45"
			},
			{
				"RoomPart": null,
				"FloorNo": 0,
				"RoomUsage": null,
				"CanSelect": false,
				"CannotSelectReason": null,
				"Owners": null,
				"SalesInfo": null,
				"BDCUnitNo": "450107008002GB00062F00390227",
				"BDCAddress": "南宁市西乡塘区安园东路9号桃花源L组团1号楼和2号楼一层131号商铺",
				"BDCArea": "30.49"
			},
			{
				"RoomPart": null,
				"FloorNo": 0,
				"RoomUsage": null,
				"CanSelect": false,
				"CannotSelectReason": null,
				"Owners": null,
				"SalesInfo": null,
				"BDCUnitNo": "450107008002GB00062F00390228",
				"BDCAddress": "南宁市西乡塘区安园东路9号桃花源L组团1号楼和2号楼一层132号商铺",
				"BDCArea": "45.39"
			},
			{
				"RoomPart": null,
				"FloorNo": 0,
				"RoomUsage": null,
				"CanSelect": false,
				"CannotSelectReason": null,
				"Owners": null,
				"SalesInfo": null,
				"BDCUnitNo": "450107008002GB00062F00390229",
				"BDCAddress": "南宁市西乡塘区安园东路9号桃花源L组团1号楼和2号楼一层133号商铺",
				"BDCArea": "31.27"
			},
			{
				"RoomPart": null,
				"FloorNo": 0,
				"RoomUsage": null,
				"CanSelect": false,
				"CannotSelectReason": null,
				"Owners": null,
				"SalesInfo": null,
				"BDCUnitNo": "450107008002GB00062F00390230",
				"BDCAddress": "南宁市西乡塘区安园东路9号桃花源L组团1号楼和2号楼一层134号商铺",
				"BDCArea": "37.52"
			},
			{
				"RoomPart": null,
				"FloorNo": 0,
				"RoomUsage": null,
				"CanSelect": false,
				"CannotSelectReason": null,
				"Owners": null,
				"SalesInfo": null,
				"BDCUnitNo": "450107008002GB00062F00390231",
				"BDCAddress": "南宁市西乡塘区安园东路9号桃花源L组团1号楼和2号楼一层135号商铺",
				"BDCArea": "43.78"
			},
			{
				"RoomPart": null,
				"FloorNo": 0,
				"RoomUsage": null,
				"CanSelect": false,
				"CannotSelectReason": null,
				"Owners": null,
				"SalesInfo": null,
				"BDCUnitNo": "450107008002GB00062F00390232",
				"BDCAddress": "南宁市西乡塘区安园东路9号桃花源L组团1号楼和2号楼一层136号商铺",
				"BDCArea": "37.52"
			},
			{
				"RoomPart": null,
				"FloorNo": 0,
				"RoomUsage": null,
				"CanSelect": false,
				"CannotSelectReason": null,
				"Owners": null,
				"SalesInfo": null,
				"BDCUnitNo": "450107008002GB00062F00390233",
				"BDCAddress": "南宁市西乡塘区安园东路9号桃花源L组团1号楼和2号楼一层137号商铺",
				"BDCArea": "31.27"
			},
			{
				"RoomPart": null,
				"FloorNo": 0,
				"RoomUsage": null,
				"CanSelect": false,
				"CannotSelectReason": null,
				"Owners": null,
				"SalesInfo": null,
				"BDCUnitNo": "450107008002GB00062F00390234",
				"BDCAddress": "南宁市西乡塘区安园东路9号桃花源L组团1号楼和2号楼一层138号商铺",
				"BDCArea": "45.39"
			},
			{
				"RoomPart": null,
				"FloorNo": 0,
				"RoomUsage": null,
				"CanSelect": false,
				"CannotSelectReason": null,
				"Owners": null,
				"SalesInfo": null,
				"BDCUnitNo": "450107008002GB00062F00390235",
				"BDCAddress": "南宁市西乡塘区安园东路9号桃花源L组团1号楼和2号楼一层139号商铺",
				"BDCArea": "30.49"
			},
			{
				"RoomPart": null,
				"FloorNo": 0,
				"RoomUsage": null,
				"CanSelect": false,
				"CannotSelectReason": null,
				"Owners": null,
				"SalesInfo": null,
				"BDCUnitNo": "450107008002GB00062F00390236",
				"BDCAddress": "南宁市西乡塘区安园东路9号桃花源L组团1号楼和2号楼一层140号商铺",
				"BDCArea": "23.45"
			},
			{
				"RoomPart": null,
				"FloorNo": 0,
				"RoomUsage": null,
				"CanSelect": false,
				"CannotSelectReason": null,
				"Owners": null,
				"SalesInfo": null,
				"BDCUnitNo": "450107008002GB00062F00390237",
				"BDCAddress": "南宁市西乡塘区安园东路9号桃花源L组团1号楼和2号楼一层141号商铺",
				"BDCArea": "28.14"
			},
			{
				"RoomPart": null,
				"FloorNo": 0,
				"RoomUsage": null,
				"CanSelect": false,
				"CannotSelectReason": null,
				"Owners": null,
				"SalesInfo": null,
				"BDCUnitNo": "450107008002GB00062F00390238",
				"BDCAddress": "南宁市西乡塘区安园东路9号桃花源L组团1号楼和2号楼一层142号商铺",
				"BDCArea": "40.11"
			},
			{
				"RoomPart": null,
				"FloorNo": 0,
				"RoomUsage": null,
				"CanSelect": false,
				"CannotSelectReason": null,
				"Owners": null,
				"SalesInfo": null,
				"BDCUnitNo": "450107008002GB00062F00390239",
				"BDCAddress": "南宁市西乡塘区安园东路9号桃花源L组团1号楼和2号楼一层143号商铺",
				"BDCArea": "35.77"
			},
			{
				"RoomPart": null,
				"FloorNo": 0,
				"RoomUsage": null,
				"CanSelect": false,
				"CannotSelectReason": null,
				"Owners": null,
				"SalesInfo": null,
				"BDCUnitNo": "450107008002GB00062F00390240",
				"BDCAddress": "南宁市西乡塘区安园东路9号桃花源L组团1号楼和2号楼一层144号商铺",
				"BDCArea": "71.92"
			},
			{
				"RoomPart": null,
				"FloorNo": 0,
				"RoomUsage": null,
				"CanSelect": false,
				"CannotSelectReason": null,
				"Owners": null,
				"SalesInfo": null,
				"BDCUnitNo": "450107008002GB00062F00390241",
				"BDCAddress": "南宁市西乡塘区安园东路9号桃花源L组团1号楼和2号楼一层145号商铺",
				"BDCArea": "35.39"
			},
			{
				"RoomPart": null,
				"FloorNo": 0,
				"RoomUsage": null,
				"CanSelect": false,
				"CannotSelectReason": null,
				"Owners": null,
				"SalesInfo": null,
				"BDCUnitNo": "450107008002GB00062F00390242",
				"BDCAddress": "南宁市西乡塘区安园东路9号桃花源L组团1号楼和2号楼一层146号商铺",
				"BDCArea": "61.29"
			},
			{
				"RoomPart": null,
				"FloorNo": 0,
				"RoomUsage": null,
				"CanSelect": false,
				"CannotSelectReason": null,
				"Owners": null,
				"SalesInfo": null,
				"BDCUnitNo": "450107008002GB00062F00390243",
				"BDCAddress": "南宁市西乡塘区安园东路9号桃花源L组团1号楼和2号楼一层147号商铺",
				"BDCArea": "52.60"
			},
			{
				"RoomPart": null,
				"FloorNo": 0,
				"RoomUsage": null,
				"CanSelect": false,
				"CannotSelectReason": null,
				"Owners": null,
				"SalesInfo": null,
				"BDCUnitNo": "450107008002GB00062F00390244",
				"BDCAddress": "南宁市西乡塘区安园东路9号桃花源L组团1号楼和2号楼一层148号商铺",
				"BDCArea": "61.29"
			},
			{
				"RoomPart": null,
				"FloorNo": 0,
				"RoomUsage": null,
				"CanSelect": false,
				"CannotSelectReason": null,
				"Owners": null,
				"SalesInfo": null,
				"BDCUnitNo": "450107008002GB00062F00390245",
				"BDCAddress": "南宁市西乡塘区安园东路9号桃花源L组团1号楼和2号楼一层149号商铺",
				"BDCArea": "35.63"
			},
			{
				"RoomPart": null,
				"FloorNo": 0,
				"RoomUsage": null,
				"CanSelect": false,
				"CannotSelectReason": null,
				"Owners": null,
				"SalesInfo": null,
				"BDCUnitNo": "450107008002GB00062F00390246",
				"BDCAddress": "南宁市西乡塘区安园东路9号桃花源L组团1号楼和2号楼一层150号商铺",
				"BDCArea": "37.21"
			},
			{
				"RoomPart": null,
				"FloorNo": 0,
				"RoomUsage": null,
				"CanSelect": false,
				"CannotSelectReason": null,
				"Owners": null,
				"SalesInfo": null,
				"BDCUnitNo": "450107008002GB00062F00390247",
				"BDCAddress": "南宁市西乡塘区安园东路9号桃花源L组团1号楼和2号楼一层151号商铺",
				"BDCArea": "54.41"
			},
			{
				"RoomPart": null,
				"FloorNo": 0,
				"RoomUsage": null,
				"CanSelect": false,
				"CannotSelectReason": null,
				"Owners": null,
				"SalesInfo": null,
				"BDCUnitNo": "450107008002GB00062F00390248",
				"BDCAddress": "南宁市西乡塘区安园东路9号桃花源L组团1号楼和2号楼一层小区管理用房",
				"BDCArea": "6.00"
			},
			{
				"RoomPart": null,
				"FloorNo": 0,
				"RoomUsage": null,
				"CanSelect": false,
				"CannotSelectReason": null,
				"Owners": null,
				"SalesInfo": null,
				"BDCUnitNo": "450107008002GB00062F00390249",
				"BDCAddress": "南宁市西乡塘区安园东路9号桃花源L组团1号楼和2号楼二层公安警备用房",
				"BDCArea": "32.48"
			},
			{
				"RoomPart": null,
				"FloorNo": 0,
				"RoomUsage": null,
				"CanSelect": false,
				"CannotSelectReason": null,
				"Owners": null,
				"SalesInfo": null,
				"BDCUnitNo": "450107008002GB00062F00390250",
				"BDCAddress": "南宁市西乡塘区安园东路9号桃花源L组团1号楼和2号楼二层居委会办公室",
				"BDCArea": "151.35"
			},
			{
				"RoomPart": null,
				"FloorNo": 0,
				"RoomUsage": null,
				"CanSelect": false,
				"CannotSelectReason": null,
				"Owners": null,
				"SalesInfo": null,
				"BDCUnitNo": "450107008002GB00062F00390251",
				"BDCAddress": "南宁市西乡塘区安园东路9号桃花源L组团1号楼和2号楼二层文化活动中心",
				"BDCArea": "450.95"
			},
			{
				"RoomPart": null,
				"FloorNo": 0,
				"RoomUsage": null,
				"CanSelect": false,
				"CannotSelectReason": null,
				"Owners": null,
				"SalesInfo": null,
				"BDCUnitNo": "450107008002GB00062F00390252",
				"BDCAddress": "南宁市西乡塘区安园东路9号桃花源L组团1号楼和2号楼二层社区医疗用房",
				"BDCArea": "114.34"
			},
			{
				"RoomPart": null,
				"FloorNo": 0,
				"RoomUsage": null,
				"CanSelect": false,
				"CannotSelectReason": null,
				"Owners": null,
				"SalesInfo": null,
				"BDCUnitNo": "450107008002GB00062F00390253",
				"BDCAddress": "南宁市西乡塘区安园东路9号桃花源L组团1号楼和2号楼二层社区管理用房",
				"BDCArea": "226.80"
			}]
		}]
	}
}